Workbook
Name Ageing_Day_s: 'Inbound data'!$P$9:$P$1500
Name Ageing_Remarks: 'Inbound data'!$Q$9:$Q$1500
Name CLM: 'Inbound data'!$AB$9:$AB$1500
Name CONTAINER_NUMBER: 'Outbound data'!$Q$4:$Q$1480
Name CONTAINER_NUMBER__OUT: 'Outbound data'!$Q$4:$Q$1480
Name Container_Van_No.: 'Inbound data'!$M$9:$M$1500
Name DATE: 'Outbound data'!$B$4:$B$1480
Name Date_Inbound: 'Inbound data'!$D$9:$D$1500
Name DESTINATION: 'Outbound data'!$D$4:$D$1480
Name ENCODED_BY: 'Outbound data'!$J$4:$J$1480
Name Encoder: 'Inbound data'!$Y$9:$Y$1500
Name ENDING_KILOS4: 'Inbound data'!#REF!
Name Ending_Pallet_Quantity: 'Inbound data'!$V$9:$V$1500
Name ENDING_QTY3: 'Inbound data'!#REF!
Name Ending_Quantity: 'Inbound data'!$T$9:$T$1500
Name Ending_Weight: 'Inbound data'!$U$9:$U$1500
Name Expiration_Date: 'Inbound data'!$O$9:$O$1500
Name From_Location: 'Inbound data'!$AF$9:$AF$1500
Name FRZ: 'Inbound data'!$AA$9:$AA$1500
Name GATEPASS: 'Outbound data'!$K$4:$K$1480
Name Gatepass: 'Inbound data'!$I$9:$I$1500
Name Generated_Stockcode: 'Inbound data'!$C$9:$C$1500
Name In_Quantity: 'Inbound data'!$R$9:$R$1500
Name In_Weight: 'Inbound data'!$S$9:$S$1500
Name Inventory_Status: 'Inbound data'!$A$9:$A$1500
Name ITEM_DESCRIPTION: 'Outbound data'!$O$4:$O$1480
Name Item_Description: 'Inbound data'!$L$9:$L$1500
Name ITEM_DESCRIPTION__OUT: 'Outbound data'!$O$4:$O$1480
Name KILOS: 'Outbound data'!$G$4:$G$1480
Name KILOS_OUT: 'Outbound data'!$G$4:$G$1480
Name Location: 'Inbound data'!$AG$9:$AG$1500
Name LVL: 'Inbound data'!$AD$9:$AD$1500
Name Mode_of_Inbound: 'Inbound data'!$E$9:$E$1500
Name No.: 'Inbound data'!$B$9:$B$1500
Name OUT_REMARKS: 'Outbound data'!$M$4:$M$1480
Name OUTBOUND_DATE: 'Outbound data'!$B$4:$B$1480
Name Pallet: 'Inbound data'!$J$9:$J$1500
Name PALLET_COUNT5: 'Inbound data'!#REF!
Name PALLET_NUMBER: 'Outbound data'!$N$4:$N$1480
Name PALLET_NUMBER__OUT: 'Outbound data'!$N$4:$N$1480
Name PALLET_OUT: 'Outbound data'!$H$4:$H$1480
Name Pallet_qty: 'Inbound data'!$K$9:$K$1500
Name Pallet_Qty_In: 'Inbound data'!$K$9:$K$1500
Name Pallet_Series: 'Inbound data'!$J$9:$J$1500
Name PALLET_SERIES__OUT: 'Outbound data'!$N$4:$N$1480
Name PICKLIST: 'Outbound data'!$I$4:$I$1480
Name PLATE: 'Outbound data'!$L$4:$L$1480
Name Production_Date: 'Inbound data'!$N$9:$N$1500
Name QTY_OUT: 'Outbound data'!$F$4:$F$1480
Name Receiving_Report_ref.: 'Inbound data'!$F$9:$F$1500
Name REMARKS: 'Outbound data'!$M$4:$M$1480
Name RW: 'Inbound data'!$AC$9:$AC$1500
Name SIDE: 'Inbound data'!$AE$9:$AE$1500
Name Slicer_Inventory_Status: #N/A
Name Source: 'Inbound data'!$G$9:$G$1500
Name STOCK_CODE: 'Outbound data'!$E$4:$E$1480
Name STOCK_CODE_OUT: 'Outbound data'!$E$4:$E$1480
Name Stock_Remarks: 'Inbound data'!$Z$9:$Z$1500
Name Truck_No.: 'Inbound data'!$H$9:$H$1500
Name UOM: 'Inbound data'!$W$9:$W$1500

Sheet Summary
A1: ='Inbound data'!$D$3 -> Duopower Foods Inc.
A2: Inventory Status | B2: INV
A3: =NOW() -> 46111.157
A4: Row Labels | B4: Container Van No. | C4: Quantity | D4: Weight
A5: PORK/CHICKEN/BEEF/SHRIMP SIOMAI 30'S 500G (APRUB) | B5: LOCAL TRANSFER | C5: 60 | D5: 720
A6: ASADO SIOPAO JUMBO | B6: LOCAL TRANSFER | C6: 25 | D6: 11.8
A7: RED BEAN PAO MINI | B7: LOCAL TRANSFER | C7: 30 | D7: 41.112
A8: CHOCO PAO MINI | B8: LOCAL TRANSFER | C8: 30 | D8: 41.112
A9: ASADO SIOPAO MINI (APRUB) | B9: LOCAL TRANSFER | C9: 100 | D9: 57.44
A10: CHOCO PAO MINI (APRUB) | B10: LOCAL TRANSFER | C10: 50 | D10: 16.08
A11: MINI UBE PAO (APRUB) | B11: LOCAL TRANSFER | C11: 25 | D11: 0.312
A12: RED BEAN PAO MINI (APRUB) | B12: LOCAL TRANSFER | C12: 50 | D12: 16.28
A13: UBE PAO MINI (APRUB) | B13: LOCAL TRANSFER | C13: 75 | D13: 16.992
A14: ASADO SIOPAO JUMBO (APRUB) | B14: LOCAL TRANSFER | C14: 75 | D14: 35.4
A15: CHICKEN ASADO SIOPAO JUMBO (APRUB) | B15: LOCAL TRANSFER | C15: 100 | D15: 47.36
A16: CHICKEN ASADO SIOPAO MINI (APRUB) | B16: LOCAL TRANSFER | C16: 100 | D16: 56.64
... A20: BEEF SIOMAI 30'S 500G | B20: LOCAL TRANSFER | C20: 50 | D20: 600
A21: Grand Total | C21: 820 | D21: 2260.528

Sheet Stocks Inquiry
A1: `=SORT(CHOOSECOLS(FILTER(inbound_data,ISNUMBER(SEARCH($A$12,Item_Description))*ISNUMBER(SEARCH($A$14,Container_Van_No.))*ISNUMBER(SEARCH($A$10,Pallet_Series)),""),4,6,13,12,3,10,14,15,20,21,23,33,26),8,1)
B2: Item Description | D2: Inventory Status | E2: INV
B4: Container Van No. | D4: Sort by:
B6: Pallet Series
J7: =SUBTOTAL(9,J9:J500) -> 30 | K7: =SUBTOTAL(9,K9:K500) -> 48.94 | L7: =SUBTOTAL(9,L9:L500) -> 2
B8: Date Inbound | C8: Receiving Report No. | D8: Container Van No. | E8: Stock Code | F8: Item Description | G8: Pallet # / Pallet Series | H8: Production Date | I8: Expiry Date | J8: Balance Quantity | K8: Balance Weight | L8: Pallet qty | M8: UOM | N8: Location | O8: Stock Remarks
A9: Pallet # / Pallet Series | B9: {=_xlfn._xlws.SORT(_xlfn.CHOOSECOLS(_xlfn._xlws.FILTER(inbound_data[],ISNUMBER(SEARCH($A$12,Item_Description))*ISNUMBER(SEARCH($A$14,Container_Van_No.))*ISNUMBER(SEARCH($A$10,Pallet_Series))*ISNUMBER(SEARCH(E2,Inventory_Status)),""),4,6,13,3,12,10,14,15,20,21,22,23,33,26),$A$21,1)} -> 46098 | C9: 121180 | D9: LOCAL TRANSFER | E9: DUO-00106AB/145700135 | F9: RED BEAN PAO MINI (APRUB) | G9: DUO-00106AB/1457 | H9: 46082 | I9: 46631 | J9: 25 | K9: 8.14 | L9: 1 | M9: BXS | N9: R00L0.0 | O9: 0
A10: 106 | B10: 46106 | C10: 122242 | D10: LOCAL TRANSFER | E10: DUO-00106AC/145700143 | F10: RED BEAN PAO MINI | G10: DUO-00106AC/1457 | H10: 46082 | I10: 46631 | J10: 5 | K10: 40.8 | L10: 1 | M10: BXS | N10: R00L0.0 | O10: 0
A11: Item Description
A13: Container Van No.
A16: lowest to highest
A17: 1
A18: highest to lowest
A19: -1
A20: Sorting Manner
A21: =IF(E4="Available Balance",9,IF(E4="Expiration date",8,IF(E4="Location",13,1))) -> 1

Sheet Outbound data
B1: OUTBOUND LOG
F2: =SUBTOTAL(9,QTY_OUT) -> 4582 | G2: =SUBTOTAL(9,KILOS_OUT) -> 35281.184 | H2: =SUBTOTAL(9,PALLET_OUT) -> 106
B3: OUTBOUND DATE | C3: Withdrawal Report No. | D3: DESTINATION | E3: STOCK CODE OUT | F3: QTY OUT | G3: KILOS OUT | H3: PALLET OUT | I3: PICKLIST | J3: ENCODED BY: | K3: GATEPASS | L3: PLATE # | M3: OUT REMARKS | N3: PALLET SERIES (OUT) | O3: ITEM DESCRIPTION (OUT) | P3: UOM (OUT) | Q3: CONTAINER NUMBER (OUT)
B4: 45912 | C4: 124175 | D4: PASIG | E4: DUO-00001A/633200009 | F4: 70 | G4: 262.08 | H4: 1 | I4: 87920 | J4: IMEE | K4: 73339 | L4: CCK-8782 | N4: =IF(ISBLANK(C4),"",_xlfn.IFNA(INDEX(inbound_data[],MATCH(Outbound_data[[#This Row],[STOCK CODE OUT]],Generated_Stockcode,0),10),"")) -> DUO-00001A/6332 | O4: =IF(ISBLANK(C4),"",_xlfn.IFNA(INDEX(inbound_data[],MATCH(Outbound_data[[#This Row],[STOCK CODE OUT]],Generated_Stockcode,0),12),"")) -> MINIS ASADO 6'S X12 (APRUB) | P4: =IF(ISBLANK(C4),"",_xlfn.IFNA(INDEX(inbound_data[],MATCH(Outbound_data[[#This Row],[STOCK CODE OUT]],Generated_Stockcode,0),23),"")) -> BXS | Q4: =IF(ISBLANK(C4),"",_xlfn.IFNA(INDEX(inbound_data[],MATCH(Outbound_data[[#This Row],[STOCK CODE OUT]],Generated_Stockcode,0),13),"")) -> LOCAL TRANSFER
B5: 45912 | C5: 124175 | D5: PASIG | E5: DUO-00002A/154300010 | F5: 70 | G5: 262.08 | H5: 1 | I5: 87920 | J5: IMEE | K5: 73339 | L5: CCK-8782 | N5: =IF(ISBLANK(C5),"",_xlfn.IFNA(INDEX(inbound_data[],MATCH(Outbound_data[[#This Row],[STOCK CODE OUT]],Generated_Stockcode,0),10),"")) -> DUO-00002A/1543 | O5: =IF(ISBLANK(C5),"",_xlfn.IFNA(INDEX(inbound_data[],MATCH(Outbound_data[[#This Row],[STOCK CODE OUT]],Generated_Stockcode,0),12),"")) -> MINIS ASADO 6'S X12 (APRUB) | P5: =IF(ISBLANK(C5),"",_xlfn.IFNA(INDEX(inbound_data[],MATCH(Outbound_data[[#This Row],[STOCK CODE OUT]],Generated_Stockcode,0),23),"")) -> BXS | Q5: =IF(ISBLANK(C5),"",_xlfn.IFNA(INDEX(inbound_data[],MATCH(Outbound_data[[#This Row],[STOCK CODE OUT]],Generated_Stockcode,0),13),"")) -> LOCAL TRANSFER
B6: 45912 | C6: 124175 | D6: PASIG | E6: DUO-00003A/500700011 | F6: 70 | G6: 262.08 | H6: 1 | I6: 87920 | J6: IMEE | K6: 73339 | L6: CCK-8782 | N6: =IF(ISBLANK(C6),"",_xlfn.IFNA(INDEX(inbound_data[],MATCH(Outbound_data[[#This Row],[STOCK CODE OUT]],Generated_Stockcode,0),10),"")) -> DUO-00003A/5007 | O6: =IF(ISBLANK(C6),"",_xlfn.IFNA(INDEX(inbound_data[],MATCH(Outbound_data[[#This Row],[STOCK CODE OUT]],Generated_Stockcode,0),12),"")) -> MINIS ASADO 6'S X12 (APRUB) | P6: =IF(ISBLANK(C6),"",_xlfn.IFNA(INDEX(inbound_data[],MATCH(Outbound_data[[#This Row],[STOCK CODE OUT]],Generated_Stockcode,0),23),"")) -> BXS | Q6: =IF(ISBLANK(C6),"",_xlfn.IFNA(INDEX(inbound_data[],MATCH(Outbound_data[[#This Row],[STOCK CODE OUT]],Generated_Stockcode,0),13),"")) -> LOCAL TRANSFER
B7: 45912 | C7: 124175 | D7: PASIG | E7: DUO-00010A/4092100018 | F7: 41 | G7: 153.504 | H7: 1 | I7: 87920 | J7: IMEE | K7: 73339 | L7: CCK-8782 | N7: =IF(ISBLANK(C7),"",_xlfn.IFNA(INDEX(inbound_data[],MATCH(Outbound_data[[#This Row],[STOCK CODE OUT]],Generated_Stockcode,0),10),"")) -> DUO-00010A/40921 | O7: =IF(ISBLANK(C7),"",_xlfn.IFNA(INDEX(inbound_data[],MATCH(Outbound_data[[#This Row],[STOCK CODE OUT]],Generated_Stockcode,0),12),"")) -> MINIS ASADO 6'S X12 (APRUB) | P7: =IF(ISBLANK(C7),"",_xlfn.IFNA(INDEX(inbound_data[],MATCH(Outbound_data[[#This Row],[STOCK CODE OUT]],Generated_Stockcode,0),23),"")) -> BXS | Q7: =IF(ISBLANK(C7),"",_xlfn.IFNA(INDEX(inbound_data[],MATCH(Outbound_data[[#This Row],[STOCK CODE OUT]],Generated_Stockcode,0),13),"")) -> LOCAL TRANSFER
B8: 45913 | C8: 126076 | D8: CALOOCAN | E8: DUO-00005A/4182800013 | F8: 70 | G8: 262.08 | H8: 1 | I8: 91909 | J8: IMEE | K8: 74571 | L8: NGN-7085 | N8: =IF(ISBLANK(C8),"",_xlfn.IFNA(INDEX(inbound_data[],MATCH(Outbound_data[[#This Row],[STOCK CODE OUT]],Generated_Stockcode,0),10),"")) -> DUO-00005A/41828 | O8: =IF(ISBLANK(C8),"",_xlfn.IFNA(INDEX(inbound_data[],MATCH(Outbound_data[[#This Row],[STOCK CODE OUT]],Generated_Stockcode,0),12),"")) -> MINIS ASADO 6'S X12 (APRUB) | P8: =IF(ISBLANK(C8),"",_xlfn.IFNA(INDEX(inbound_data[],MATCH(Outbound_data[[#This Row],[STOCK CODE OUT]],Generated_Stockcode,0),23),"")) -> BXS | Q8: =IF(ISBLANK(C8),"",_xlfn.IFNA(INDEX(inbound_data[],MATCH(Outbound_data[[#This Row],[STOCK CODE OUT]],Generated_Stockcode,0),13),"")) -> LOCAL TRANSFER
B9: 45913 | C9: 126076 | D9: CALOOCAN | E9: DUO-00004A/NP00012 | F9: 70 | G9: 262.08 | H9: 1 | I9: 91909 | J9: IMEE | K9: 74571 | L9: NGN-7085 | N9: =IF(ISBLANK(C9),"",_xlfn.IFNA(INDEX(inbound_data[],MATCH(Outbound_data[[#This Row],[STOCK CODE OUT]],Generated_Stockcode,0),10),"")) -> DUO-00004A/NP | O9: =IF(ISBLANK(C9),"",_xlfn.IFNA(INDEX(inbound_data[],MATCH(Outbound_data[[#This Row],[STOCK CODE OUT]],Generated_Stockcode,0),12),"")) -> MINIS ASADO 6'S X12 (APRUB) | P9: =IF(ISBLANK(C9),"",_xlfn.IFNA(INDEX(inbound_data[],MATCH(Outbound_data[[#This Row],[STOCK CODE OUT]],Generated_Stockcode,0),23),"")) -> BXS | Q9: =IF(ISBLANK(C9),"",_xlfn.IFNA(INDEX(inbound_data[],MATCH(Outbound_data[[#This Row],[STOCK CODE OUT]],Generated_Stockcode,0),13),"")) -> LOCAL TRANSFER
B10: 45913 | C10: 126076 | D10: CALOOCAN | E10: DUO-00009A/4034100017 | F10: 70 | G10: 262.08 | H10: 1 | I10: 91909 | J10: IMEE | K10: 74571 | L10: NGN-7085 | N10: =IF(ISBLANK(C10),"",_xlfn.IFNA(INDEX(inbound_data[],MATCH(Outbound_data[[#This Row],[STOCK CODE OUT]],Generated_Stockcode,0),10),"")) -> DUO-00009A/40341 | O10: =IF(ISBLANK(C10),"",_xlfn.IFNA(INDEX(inbound_data[],MATCH(Outbound_data[[#This Row],[STOCK CODE OUT]],Generated_Stockcode,0),12),"")) -> MINIS ASADO 6'S X12 (APRUB) | P10: =IF(ISBLANK(C10),"",_xlfn.IFNA(INDEX(inbound_data[],MATCH(Outbound_data[[#This Row],[STOCK CODE OUT]],Generated_Stockcode,0),23),"")) -> BXS | Q10: =IF(ISBLANK(C10),"",_xlfn.IFNA(INDEX(inbound_data[],MATCH(Outbound_data[[#This Row],[STOCK CODE OUT]],Generated_Stockcode,0),13),"")) -> LOCAL TRANSFER
B11: 45913 | C11: 126076 | D11: CALOOCAN | E11: DUO-00007A/1064500015 | F11: 70 | G11: 262.08 | H11: 1 | I11: 91909 | J11: IMEE | K11: 74571 | L11: NGN-7085 | N11: =IF(ISBLANK(C11),"",_xlfn.IFNA(INDEX(inbound_data[],MATCH(Outbound_data[[#This Row],[STOCK CODE OUT]],Generated_Stockcode,0),10),"")) -> DUO-00007A/10645 | O11: =IF(ISBLANK(C11),"",_xlfn.IFNA(INDEX(inbound_data[],MATCH(Outbound_data[[#This Row],[STOCK CODE OUT]],Generated_Stockcode,0),12),"")) -> MINIS ASADO 6'S X12 (APRUB) | P11: =IF(ISBLANK(C11),"",_xlfn.IFNA(INDEX(inbound_data[],MATCH(Outbound_data[[#This Row],[STOCK CODE OUT]],Generated_Stockcode,0),23),"")) -> BXS | Q11: =IF(ISBLANK(C11),"",_xlfn.IFNA(INDEX(inbound_data[],MATCH(Outbound_data[[#This Row],[STOCK CODE OUT]],Generated_Stockcode,0),13),"")) -> LOCAL TRANSFER
B12: 45918 | C12: 126677 | D12: MANILA | E12: DUO-00006A/142700014 | F12: 70 | G12: 262.08 | H12: 1 | I12: 92053 | J12: GLADYS | K12: 75186 | L12: CCK-8782 | N12: =IF(ISBLANK(C12),"",_xlfn.IFNA(INDEX(inbound_data[],MATCH(Outbound_data[[#This Row],[STOCK CODE OUT]],Generated_Stockcode,0),10),"")) -> DUO-00006A/1427 | O12: =IF(ISBLANK(C12),"",_xlfn.IFNA(INDEX(inbound_data[],MATCH(Outbound_data[[#This Row],[STOCK CODE OUT]],Generated_Stockcode,0),12),"")) -> MINIS ASADO 6'S X12 (APRUB) | P12: =IF(ISBLANK(C12),"",_xlfn.IFNA(INDEX(inbound_data[],MATCH(Outbound_data[[#This Row],[STOCK CODE OUT]],Generated_Stockcode,0),23),"")) -> BXS | Q12: =IF(ISBLANK(C12),"",_xlfn.IFNA(INDEX(inbound_data[],MATCH(Outbound_data[[#This Row],[STOCK CODE OUT]],Generated_Stockcode,0),13),"")) -> LOCAL TRANSFER
B13: 45918 | C13: 126677 | D13: MANILA | E13: DUO-00008A/449600016 | F13: 70 | G13: 262.08 | H13: 1 | I13: 92053 | J13: GLADYS | K13: 75186 | L13: CCK-8782 | N13: =IF(ISBLANK(C13),"",_xlfn.IFNA(INDEX(inbound_data[],MATCH(Outbound_data[[#This Row],[STOCK CODE OUT]],Generated_Stockcode,0),10),"")) -> DUO-00008A/4496 | O13: =IF(ISBLANK(C13),"",_xlfn.IFNA(INDEX(inbound_data[],MATCH(Outbound_data[[#This Row],[STOCK CODE OUT]],Generated_Stockcode,0),12),"")) -> MINIS ASADO 6'S X12 (APRUB) | P13: =IF(ISBLANK(C13),"",_xlfn.IFNA(INDEX(inbound_data[],MATCH(Outbound_data[[#This Row],[STOCK CODE OUT]],Generated_Stockcode,0),23),"")) -> BXS | Q13: =IF(ISBLANK(C13),"",_xlfn.IFNA(INDEX(inbound_data[],MATCH(Outbound_data[[#This Row],[STOCK CODE OUT]],Generated_Stockcode,0),13),"")) -> LOCAL TRANSFER
B14: 45918 | C14: 126677 | D14: MANILA | E14: DUO-00011A/484400019 | F14: 70 | G14: 262.08 | H14: 1 | I14: 92053 | J14: GLADYS | K14: 75186 | L14: CCK-8782 | N14: =IF(ISBLANK(C14),"",_xlfn.IFNA(INDEX(inbound_data[],MATCH(Outbound_data[[#This Row],[STOCK CODE OUT]],Generated_Stockcode,0),10),"")) -> DUO-00011A/4844 | O14: =IF(ISBLANK(C14),"",_xlfn.IFNA(INDEX(inbound_data[],MATCH(Outbound_data[[#This Row],[STOCK CODE OUT]],Generated_Stockcode,0),12),"")) -> MINIS ASADO 6'S X12 (APRUB) | P14: =IF(ISBLANK(C14),"",_xlfn.IFNA(INDEX(inbound_data[],MATCH(Outbound_data[[#This Row],[STOCK CODE OUT]],Generated_Stockcode,0),23),"")) -> BXS | Q14: =IF(ISBLANK(C14),"",_xlfn.IFNA(INDEX(inbound_data[],MATCH(Outbound_data[[#This Row],[STOCK CODE OUT]],Generated_Stockcode,0),13),"")) -> LOCAL TRANSFER
B15: 45918 | C15: 126677 | D15: MANILA | E15: DUO-00012A/169400020 | F15: 70 | G15: 262.08 | H15: 1 | I15: 92053 | J15: GLADYS | K15: 75186 | L15: CCK-8782 | N15: =IF(ISBLANK(C15),"",_xlfn.IFNA(INDEX(inbound_data[],MATCH(Outbound_data[[#This Row],[STOCK CODE OUT]],Generated_Stockcode,0),10),"")) -> DUO-00012A/1694 | O15: =IF(ISBLANK(C15),"",_xlfn.IFNA(INDEX(inbound_data[],MATCH(Outbound_data[[#This Row],[STOCK CODE OUT]],Generated_Stockcode,0),12),"")) -> MINIS ASADO 6'S X12 (APRUB) | P15: =IF(ISBLANK(C15),"",_xlfn.IFNA(INDEX(inbound_data[],MATCH(Outbound_data[[#This Row],[STOCK CODE OUT]],Generated_Stockcode,0),23),"")) -> BXS | Q15: =IF(ISBLANK(C15),"",_xlfn.IFNA(INDEX(inbound_data[],MATCH(Outbound_data[[#This Row],[STOCK CODE OUT]],Generated_Stockcode,0),13),"")) -> LOCAL TRANSFER
... B109: 46106 | C109: 149652 | D109: 4A4D TRADING CORP | E109: DUO-00102A/383000111 | F109: 70 | G109: 840 | H109: 1 | I109: 114001 | J109: RAF | K109: 98309 | L109: NAU-9473 | N109: =IF(ISBLANK(C109),"",_xlfn.IFNA(INDEX(inbound_data[],MATCH(Outbound_data[[#This Row],[STOCK CODE OUT]],Generated_Stockcode,0),10),"")) -> DUO-00102A/3830 | O109: =IF(ISBLANK(C109),"",_xlfn.IFNA(INDEX(inbound_data[],MATCH(Outbound_data[[#This Row],[STOCK CODE OUT]],Generated_Stockcode,0),12),"")) -> PORK/CHICKEN/BEEF/SHRIMP SIOMAI 30'S 500G (APRUB) | P109: =IF(ISBLANK(C109),"",_xlfn.IFNA(INDEX(inbound_data[],MATCH(Outbound_data[[#This Row],[STOCK CODE OUT]],Generated_Stockcode,0),23),"")) -> BXS | Q109: =IF(ISBLANK(C109),"",_xlfn.IFNA(INDEX(inbound_data[],MATCH(Outbound_data[[#This Row],[STOCK CODE OUT]],Generated_Stockcode,0),13),"")) -> LOCAL TRANSFER
N110: =IF(ISBLANK(C110),"",_xlfn.IFNA(INDEX(inbound_data[],MATCH(Outbound_data[[#This Row],[STOCK CODE OUT]],Generated_Stockcode,0),10),"")) | O110: =IF(ISBLANK(C110),"",_xlfn.IFNA(INDEX(inbound_data[],MATCH(Outbound_data[[#This Row],[STOCK CODE OUT]],Generated_Stockcode,0),12),"")) | P110: =IF(ISBLANK(C110),"",_xlfn.IFNA(INDEX(inbound_data[],MATCH(Outbound_data[[#This Row],[STOCK CODE OUT]],Generated_Stockcode,0),23),"")) | Q110: =IF(ISBLANK(C110),"",_xlfn.IFNA(INDEX(inbound_data[],MATCH(Outbound_data[[#This Row],[STOCK CODE OUT]],Generated_Stockcode,0),13),""))
N111: =IF(ISBLANK(C111),"",_xlfn.IFNA(INDEX(inbound_data[],MATCH(Outbound_data[[#This Row],[STOCK CODE OUT]],Generated_Stockcode,0),10),"")) | O111: =IF(ISBLANK(C111),"",_xlfn.IFNA(INDEX(inbound_data[],MATCH(Outbound_data[[#This Row],[STOCK CODE OUT]],Generated_Stockcode,0),12),"")) | P111: =IF(ISBLANK(C111),"",_xlfn.IFNA(INDEX(inbound_data[],MATCH(Outbound_data[[#This Row],[STOCK CODE OUT]],Generated_Stockcode,0),23),"")) | Q111: =IF(ISBLANK(C111),"",_xlfn.IFNA(INDEX(inbound_data[],MATCH(Outbound_data[[#This Row],[STOCK CODE OUT]],Generated_Stockcode,0),13),""))
N112: =IF(ISBLANK(C112),"",_xlfn.IFNA(INDEX(inbound_data[],MATCH(Outbound_data[[#This Row],[STOCK CODE OUT]],Generated_Stockcode,0),10),"")) | O112: =IF(ISBLANK(C112),"",_xlfn.IFNA(INDEX(inbound_data[],MATCH(Outbound_data[[#This Row],[STOCK CODE OUT]],Generated_Stockcode,0),12),"")) | P112: =IF(ISBLANK(C112),"",_xlfn.IFNA(INDEX(inbound_data[],MATCH(Outbound_data[[#This Row],[STOCK CODE OUT]],Generated_Stockcode,0),23),"")) | Q112: =IF(ISBLANK(C112),"",_xlfn.IFNA(INDEX(inbound_data[],MATCH(Outbound_data[[#This Row],[STOCK CODE OUT]],Generated_Stockcode,0),13),""))
N113: =IF(ISBLANK(C113),"",_xlfn.IFNA(INDEX(inbound_data[],MATCH(Outbound_data[[#This Row],[STOCK CODE OUT]],Generated_Stockcode,0),10),"")) | O113: =IF(ISBLANK(C113),"",_xlfn.IFNA(INDEX(inbound_data[],MATCH(Outbound_data[[#This Row],[STOCK CODE OUT]],Generated_Stockcode,0),12),"")) | P113: =IF(ISBLANK(C113),"",_xlfn.IFNA(INDEX(inbound_data[],MATCH(Outbound_data[[#This Row],[STOCK CODE OUT]],Generated_Stockcode,0),23),"")) | Q113: =IF(ISBLANK(C113),"",_xlfn.IFNA(INDEX(inbound_data[],MATCH(Outbound_data[[#This Row],[STOCK CODE OUT]],Generated_Stockcode,0),13),""))
N114: =IF(ISBLANK(C114),"",_xlfn.IFNA(INDEX(inbound_data[],MATCH(Outbound_data[[#This Row],[STOCK CODE OUT]],Generated_Stockcode,0),10),"")) | O114: =IF(ISBLANK(C114),"",_xlfn.IFNA(INDEX(inbound_data[],MATCH(Outbound_data[[#This Row],[STOCK CODE OUT]],Generated_Stockcode,0),12),"")) | P114: =IF(ISBLANK(C114),"",_xlfn.IFNA(INDEX(inbound_data[],MATCH(Outbound_data[[#This Row],[STOCK CODE OUT]],Generated_Stockcode,0),23),"")) | Q114: =IF(ISBLANK(C114),"",_xlfn.IFNA(INDEX(inbound_data[],MATCH(Outbound_data[[#This Row],[STOCK CODE OUT]],Generated_Stockcode,0),13),""))
N115: =IF(ISBLANK(C115),"",_xlfn.IFNA(INDEX(inbound_data[],MATCH(Outbound_data[[#This Row],[STOCK CODE OUT]],Generated_Stockcode,0),10),"")) | O115: =IF(ISBLANK(C115),"",_xlfn.IFNA(INDEX(inbound_data[],MATCH(Outbound_data[[#This Row],[STOCK CODE OUT]],Generated_Stockcode,0),12),"")) | P115: =IF(ISBLANK(C115),"",_xlfn.IFNA(INDEX(inbound_data[],MATCH(Outbound_data[[#This Row],[STOCK CODE OUT]],Generated_Stockcode,0),23),"")) | Q115: =IF(ISBLANK(C115),"",_xlfn.IFNA(INDEX(inbound_data[],MATCH(Outbound_data[[#This Row],[STOCK CODE OUT]],Generated_Stockcode,0),13),""))
N116: =IF(ISBLANK(C116),"",_xlfn.IFNA(INDEX(inbound_data[],MATCH(Outbound_data[[#This Row],[STOCK CODE OUT]],Generated_Stockcode,0),10),"")) | O116: =IF(ISBLANK(C116),"",_xlfn.IFNA(INDEX(inbound_data[],MATCH(Outbound_data[[#This Row],[STOCK CODE OUT]],Generated_Stockcode,0),12),"")) | P116: =IF(ISBLANK(C116),"",_xlfn.IFNA(INDEX(inbound_data[],MATCH(Outbound_data[[#This Row],[STOCK CODE OUT]],Generated_Stockcode,0),23),"")) | Q116: =IF(ISBLANK(C116),"",_xlfn.IFNA(INDEX(inbound_data[],MATCH(Outbound_data[[#This Row],[STOCK CODE OUT]],Generated_Stockcode,0),13),""))
N117: =IF(ISBLANK(C117),"",_xlfn.IFNA(INDEX(inbound_data[],MATCH(Outbound_data[[#This Row],[STOCK CODE OUT]],Generated_Stockcode,0),10),"")) | O117: =IF(ISBLANK(C117),"",_xlfn.IFNA(INDEX(inbound_data[],MATCH(Outbound_data[[#This Row],[STOCK CODE OUT]],Generated_Stockcode,0),12),"")) | P117: =IF(ISBLANK(C117),"",_xlfn.IFNA(INDEX(inbound_data[],MATCH(Outbound_data[[#This Row],[STOCK CODE OUT]],Generated_Stockcode,0),23),"")) | Q117: =IF(ISBLANK(C117),"",_xlfn.IFNA(INDEX(inbound_data[],MATCH(Outbound_data[[#This Row],[STOCK CODE OUT]],Generated_Stockcode,0),13),""))
N118: =IF(ISBLANK(C118),"",_xlfn.IFNA(INDEX(inbound_data[],MATCH(Outbound_data[[#This Row],[STOCK CODE OUT]],Generated_Stockcode,0),10),"")) | O118: =IF(ISBLANK(C118),"",_xlfn.IFNA(INDEX(inbound_data[],MATCH(Outbound_data[[#This Row],[STOCK CODE OUT]],Generated_Stockcode,0),12),"")) | P118: =IF(ISBLANK(C118),"",_xlfn.IFNA(INDEX(inbound_data[],MATCH(Outbound_data[[#This Row],[STOCK CODE OUT]],Generated_Stockcode,0),23),"")) | Q118: =IF(ISBLANK(C118),"",_xlfn.IFNA(INDEX(inbound_data[],MATCH(Outbound_data[[#This Row],[STOCK CODE OUT]],Generated_Stockcode,0),13),""))
N119: =IF(ISBLANK(C119),"",_xlfn.IFNA(INDEX(inbound_data[],MATCH(Outbound_data[[#This Row],[STOCK CODE OUT]],Generated_Stockcode,0),10),"")) | O119: =IF(ISBLANK(C119),"",_xlfn.IFNA(INDEX(inbound_data[],MATCH(Outbound_data[[#This Row],[STOCK CODE OUT]],Generated_Stockcode,0),12),"")) | P119: =IF(ISBLANK(C119),"",_xlfn.IFNA(INDEX(inbound_data[],MATCH(Outbound_data[[#This Row],[STOCK CODE OUT]],Generated_Stockcode,0),23),"")) | Q119: =IF(ISBLANK(C119),"",_xlfn.IFNA(INDEX(inbound_data[],MATCH(Outbound_data[[#This Row],[STOCK CODE OUT]],Generated_Stockcode,0),13),""))
N120: =IF(ISBLANK(C120),"",_xlfn.IFNA(INDEX(inbound_data[],MATCH(Outbound_data[[#This Row],[STOCK CODE OUT]],Generated_Stockcode,0),10),"")) | O120: =IF(ISBLANK(C120),"",_xlfn.IFNA(INDEX(inbound_data[],MATCH(Outbound_data[[#This Row],[STOCK CODE OUT]],Generated_Stockcode,0),12),"")) | P120: =IF(ISBLANK(C120),"",_xlfn.IFNA(INDEX(inbound_data[],MATCH(Outbound_data[[#This Row],[STOCK CODE OUT]],Generated_Stockcode,0),23),"")) | Q120: =IF(ISBLANK(C120),"",_xlfn.IFNA(INDEX(inbound_data[],MATCH(Outbound_data[[#This Row],[STOCK CODE OUT]],Generated_Stockcode,0),13),""))
N121: =IF(ISBLANK(C121),"",_xlfn.IFNA(INDEX(inbound_data[],MATCH(Outbound_data[[#This Row],[STOCK CODE OUT]],Generated_Stockcode,0),10),"")) | O121: =IF(ISBLANK(C121),"",_xlfn.IFNA(INDEX(inbound_data[],MATCH(Outbound_data[[#This Row],[STOCK CODE OUT]],Generated_Stockcode,0),12),"")) | P121: =IF(ISBLANK(C121),"",_xlfn.IFNA(INDEX(inbound_data[],MATCH(Outbound_data[[#This Row],[STOCK CODE OUT]],Generated_Stockcode,0),23),"")) | Q121: =IF(ISBLANK(C121),"",_xlfn.IFNA(INDEX(inbound_data[],MATCH(Outbound_data[[#This Row],[STOCK CODE OUT]],Generated_Stockcode,0),13),""))
... N1480: =IF(ISBLANK(C1480),"",_xlfn.IFNA(INDEX(inbound_data[],MATCH(Outbound_data[[#This Row],[STOCK CODE OUT]],Generated_Stockcode,0),10),"")) | O1480: =IF(ISBLANK(C1480),"",_xlfn.IFNA(INDEX(inbound_data[],MATCH(Outbound_data[[#This Row],[STOCK CODE OUT]],Generated_Stockcode,0),12),"")) | P1480: =IF(ISBLANK(C1480),"",_xlfn.IFNA(INDEX(inbound_data[],MATCH(Outbound_data[[#This Row],[STOCK CODE OUT]],Generated_Stockcode,0),23),"")) | Q1480: =IF(ISBLANK(C1480),"",_xlfn.IFNA(INDEX(inbound_data[],MATCH(Outbound_data[[#This Row],[STOCK CODE OUT]],Generated_Stockcode,0),13),""))

Sheet Inbound data
D1: VIFEL ICE PLANT AND COLD STORAGE, INC.
D2: Rosas Norte, Saluysoy, Meycauayan. Bulacan
D3: Duopower Foods Inc.
E4: =NOW() -> 46111.157
E5: TOTAL QUANTITY: | F5: =$R$7-'Outbound data'!$F$2 -> 820 | G5: =$T$7-$F$5 -> 0
E6: TOTAL KILOS: | F6: =$S$7-'Outbound data'!$G$2 -> 1853.152 | G6: =$U$7-$F$6 -> -1.8189894e-12
E7: TOTAL PALLETS: | F7: =$K$7-'Outbound data'!$H$2 -> 31 | G7: =$V$7-F7 -> 0 | I7: Total Pallet In: | J7: {=SUM(IF(FREQUENCY(IF(Pallet_Series<>"", MATCH(Pallet_Series,Pallet_Series,0)),ROW(Pallet_Series)-ROW(J9)+1),1))} -> 137 | K7: =SUM(Pallet_qty) -> 137 | L7: =J7-K7 -> 0 | R7: =SUM(In_Quantity) -> 5402 | S7: =SUM(In_Weight) -> 37134.336 | T7: =SUM(Ending_Quantity) -> 820 | U7: =SUM(Ending_Weight) -> 1853.152 | V7: =SUM(Ending_Pallet_Quantity) -> 31 | AA7: L O C A T I O N
A8: Inventory Status | B8: No. | C8: Generated Stockcode | D8: Date Inbound | E8: Mode of Inbound | F8: Receiving Report ref.# | G8: Source | H8: Truck No. | I8: Gatepass | J8: Pallet_Series | K8: Pallet_qty | L8: Item Description | M8: Container Van No. | N8: Production Date | O8: Expiration Date | P8: Ageing Day/s | Q8: Ageing Remarks | R8: In Quantity | S8: In Weight | T8: Ending Quantity | U8: Ending Weight | V8: Ending Pallet Quantity | W8: UOM | X8: WH | Y8: Encoder | Z8: Stock Remarks | AA8: FRZ | AB8: CLM | AC8: RW | AD8: LVL | AE8: SIDE | AF8: From Location | AG8: Location
A9: =IF(ISBLANK(inbound_data[[#This Row],[Receiving Report ref.'#]]),"",IF(inbound_data[[#This Row],[Ending Quantity]]=0,"ZERO","INV")) -> ZERO | B9: =IF(ISBLANK(D9),"",TEXT(ROW(),"00000")) -> 00009 | C9: =IF(ISBLANK(D9),"",inbound_data[[#This Row],[Pallet_Series]]&inbound_data[[#This Row],[No.]]) -> DUO-00001A/633200009 | D9: 45910 | E9: RECEIVING | F9: 101784 | G9: TAGUIG | H9: CCK-8782 | I9: 73296 | J9: DUO-00001A/6332 | K9: 1 | L9: MINIS ASADO 6'S X12 (APRUB) | M9: LOCAL TRANSFER | N9: 45908 | O9: 46454 | P9: =IF(A9="ZERO","",IF(O9="","",O9-TODAY())) | Q9: =IF(A9="ZERO","",IF(P9<0,"ALREADY EXPIRED",IF(P9<60,"NEARLY EXPIRED",""))) | R9: 70 | S9: =+inbound_data[[#This Row],[In Quantity]]*3.744 -> 262.08 | T9: =IF(ISBLANK(R9),0,R9-SUMIF(STOCK_CODE_OUT,$C9,QTY_OUT)) -> 0 | U9: =IF(ISBLANK(S9),0,S9-SUMIF(STOCK_CODE_OUT,$C9,KILOS_OUT)) -> 0 | V9: =IF(ISBLANK(K9),0,K9-SUMIF(STOCK_CODE_OUT,$C9,PALLET_OUT)) -> 0 | W9: BXS | X9: ANNEX | Y9: IMEE | Z9: R | AA9: 4 | AB9: C | AC9: 2 | AD9: 4 | AE9: 1 | AG9: =IF(T9>0,CONCATENATE(AA9,AB9,TEXT(AC9,"R00"),TEXT(AD9,"L0."),TEXT(AE9,"0")),"")
A10: =IF(ISBLANK(inbound_data[[#This Row],[Receiving Report ref.'#]]),"",IF(inbound_data[[#This Row],[Ending Quantity]]=0,"ZERO","INV")) -> ZERO | B10: =IF(ISBLANK(D10),"",TEXT(ROW(),"00000")) -> 00010 | C10: =IF(ISBLANK(D10),"",inbound_data[[#This Row],[Pallet_Series]]&inbound_data[[#This Row],[No.]]) -> DUO-00002A/154300010 | D10: 45910 | E10: RECEIVING | F10: 101784 | G10: TAGUIG | H10: CCK-8782 | I10: 73296 | J10: DUO-00002A/1543 | K10: 1 | L10: MINIS ASADO 6'S X12 (APRUB) | M10: LOCAL TRANSFER | N10: 45908 | O10: 46454 | P10: =IF(A10="ZERO","",IF(O10="","",O10-TODAY())) | Q10: =IF(A10="ZERO","",IF(P10<0,"ALREADY EXPIRED",IF(P10<60,"NEARLY EXPIRED",""))) | R10: 70 | S10: =+inbound_data[[#This Row],[In Quantity]]*3.744 -> 262.08 | T10: =IF(ISBLANK(R10),0,R10-SUMIF(STOCK_CODE_OUT,$C10,QTY_OUT)) -> 0 | U10: =IF(ISBLANK(S10),0,S10-SUMIF(STOCK_CODE_OUT,$C10,KILOS_OUT)) -> 0 | V10: =IF(ISBLANK(K10),0,K10-SUMIF(STOCK_CODE_OUT,$C10,PALLET_OUT)) -> 0 | W10: BXS | X10: ANNEX | Y10: IMEE | Z10: B | AA10: 4 | AB10: C | AC10: 2 | AD10: 5 | AE10: 1 | AG10: =IF(T10>0,CONCATENATE(AA10,AB10,TEXT(AC10,"R00"),TEXT(AD10,"L0."),TEXT(AE10,"0")),"")
A11: =IF(ISBLANK(inbound_data[[#This Row],[Receiving Report ref.'#]]),"",IF(inbound_data[[#This Row],[Ending Quantity]]=0,"ZERO","INV")) -> ZERO | B11: =IF(ISBLANK(D11),"",TEXT(ROW(),"00000")) -> 00011 | C11: =IF(ISBLANK(D11),"",inbound_data[[#This Row],[Pallet_Series]]&inbound_data[[#This Row],[No.]]) -> DUO-00003A/500700011 | D11: 45910 | E11: RECEIVING | F11: 101784 | G11: TAGUIG | H11: CCK-8782 | I11: 73296 | J11: DUO-00003A/5007 | K11: 1 | L11: MINIS ASADO 6'S X12 (APRUB) | M11: LOCAL TRANSFER | N11: 45908 | O11: 46454 | P11: =IF(A11="ZERO","",IF(O11="","",O11-TODAY())) | Q11: =IF(A11="ZERO","",IF(P11<0,"ALREADY EXPIRED",IF(P11<60,"NEARLY EXPIRED",""))) | R11: 70 | S11: =+inbound_data[[#This Row],[In Quantity]]*3.744 -> 262.08 | T11: =IF(ISBLANK(R11),0,R11-SUMIF(STOCK_CODE_OUT,$C11,QTY_OUT)) -> 0 | U11: =IF(ISBLANK(S11),0,S11-SUMIF(STOCK_CODE_OUT,$C11,KILOS_OUT)) -> 0 | V11: =IF(ISBLANK(K11),0,K11-SUMIF(STOCK_CODE_OUT,$C11,PALLET_OUT)) -> 0 | W11: BXS | X11: ANNEX | Y11: IMEE | Z11: R | AA11: 4 | AB11: A | AC11: 9 | AD11: 3 | AE11: 2 | AG11: =IF(T11>0,CONCATENATE(AA11,AB11,TEXT(AC11,"R00"),TEXT(AD11,"L0."),TEXT(AE11,"0")),"")
A12: =IF(ISBLANK(inbound_data[[#This Row],[Receiving Report ref.'#]]),"",IF(inbound_data[[#This Row],[Ending Quantity]]=0,"ZERO","INV")) -> ZERO | B12: =IF(ISBLANK(D12),"",TEXT(ROW(),"00000")) -> 00012 | C12: =IF(ISBLANK(D12),"",inbound_data[[#This Row],[Pallet_Series]]&inbound_data[[#This Row],[No.]]) -> DUO-00004A/NP00012 | D12: 45910 | E12: RECEIVING | F12: 101784 | G12: TAGUIG | H12: CCK-8782 | I12: 73296 | J12: DUO-00004A/NP | K12: 1 | L12: MINIS ASADO 6'S X12 (APRUB) | M12: LOCAL TRANSFER | N12: 45908 | O12: 46454 | P12: =IF(A12="ZERO","",IF(O12="","",O12-TODAY())) | Q12: =IF(A12="ZERO","",IF(P12<0,"ALREADY EXPIRED",IF(P12<60,"NEARLY EXPIRED",""))) | R12: 70 | S12: =+inbound_data[[#This Row],[In Quantity]]*3.744 -> 262.08 | T12: =IF(ISBLANK(R12),0,R12-SUMIF(STOCK_CODE_OUT,$C12,QTY_OUT)) -> 0 | U12: =IF(ISBLANK(S12),0,S12-SUMIF(STOCK_CODE_OUT,$C12,KILOS_OUT)) -> 0 | V12: =IF(ISBLANK(K12),0,K12-SUMIF(STOCK_CODE_OUT,$C12,PALLET_OUT)) -> 0 | W12: BXS | X12: ANNEX | Y12: IMEE | Z12: R | AA12: 4 | AB12: A | AC12: 12 | AD12: 5 | AE12: 1 | AF12: 4AR09L4.1 | AG12: =IF(T12>0,CONCATENATE(AA12,AB12,TEXT(AC12,"R00"),TEXT(AD12,"L0."),TEXT(AE12,"0")),"")
A13: =IF(ISBLANK(inbound_data[[#This Row],[Receiving Report ref.'#]]),"",IF(inbound_data[[#This Row],[Ending Quantity]]=0,"ZERO","INV")) -> ZERO | B13: =IF(ISBLANK(D13),"",TEXT(ROW(),"00000")) -> 00013 | C13: =IF(ISBLANK(D13),"",inbound_data[[#This Row],[Pallet_Series]]&inbound_data[[#This Row],[No.]]) -> DUO-00005A/4182800013 | D13: 45910 | E13: RECEIVING | F13: 101784 | G13: TAGUIG | H13: CCK-8782 | I13: 73296 | J13: DUO-00005A/41828 | K13: 1 | L13: MINIS ASADO 6'S X12 (APRUB) | M13: LOCAL TRANSFER | N13: 45908 | O13: 46454 | P13: =IF(A13="ZERO","",IF(O13="","",O13-TODAY())) | Q13: =IF(A13="ZERO","",IF(P13<0,"ALREADY EXPIRED",IF(P13<60,"NEARLY EXPIRED",""))) | R13: 70 | S13: =+inbound_data[[#This Row],[In Quantity]]*3.744 -> 262.08 | T13: =IF(ISBLANK(R13),0,R13-SUMIF(STOCK_CODE_OUT,$C13,QTY_OUT)) -> 0 | U13: =IF(ISBLANK(S13),0,S13-SUMIF(STOCK_CODE_OUT,$C13,KILOS_OUT)) -> 0 | V13: =IF(ISBLANK(K13),0,K13-SUMIF(STOCK_CODE_OUT,$C13,PALLET_OUT)) -> 0 | W13: BXS | X13: ANNEX | Y13: IMEE | Z13: R | AA13: 4 | AB13: A | AC13: 11 | AD13: 6 | AE13: 2 | AF13: 4AR09L3.1 | AG13: =IF(T13>0,CONCATENATE(AA13,AB13,TEXT(AC13,"R00"),TEXT(AD13,"L0."),TEXT(AE13,"0")),"")
A14: =IF(ISBLANK(inbound_data[[#This Row],[Receiving Report ref.'#]]),"",IF(inbound_data[[#This Row],[Ending Quantity]]=0,"ZERO","INV")) -> ZERO | B14: =IF(ISBLANK(D14),"",TEXT(ROW(),"00000")) -> 00014 | C14: =IF(ISBLANK(D14),"",inbound_data[[#This Row],[Pallet_Series]]&inbound_data[[#This Row],[No.]]) -> DUO-00006A/142700014 | D14: 45910 | E14: RECEIVING | F14: 101784 | G14: TAGUIG | H14: CCK-8782 | I14: 73296 | J14: DUO-00006A/1427 | K14: 1 | L14: MINIS ASADO 6'S X12 (APRUB) | M14: LOCAL TRANSFER | N14: 45908 | O14: 46454 | P14: =IF(A14="ZERO","",IF(O14="","",O14-TODAY())) | Q14: =IF(A14="ZERO","",IF(P14<0,"ALREADY EXPIRED",IF(P14<60,"NEARLY EXPIRED",""))) | R14: 70 | S14: =+inbound_data[[#This Row],[In Quantity]]*3.744 -> 262.08 | T14: =IF(ISBLANK(R14),0,R14-SUMIF(STOCK_CODE_OUT,$C14,QTY_OUT)) -> 0 | U14: =IF(ISBLANK(S14),0,S14-SUMIF(STOCK_CODE_OUT,$C14,KILOS_OUT)) -> 0 | V14: =IF(ISBLANK(K14),0,K14-SUMIF(STOCK_CODE_OUT,$C14,PALLET_OUT)) -> 0 | W14: BXS | X14: ANNEX | Y14: IMEE | Z14: B | AG14: =IF(T14>0,CONCATENATE(AA14,AB14,TEXT(AC14,"R00"),TEXT(AD14,"L0."),TEXT(AE14,"0")),"")
A15: =IF(ISBLANK(inbound_data[[#This Row],[Receiving Report ref.'#]]),"",IF(inbound_data[[#This Row],[Ending Quantity]]=0,"ZERO","INV")) -> ZERO | B15: =IF(ISBLANK(D15),"",TEXT(ROW(),"00000")) -> 00015 | C15: =IF(ISBLANK(D15),"",inbound_data[[#This Row],[Pallet_Series]]&inbound_data[[#This Row],[No.]]) -> DUO-00007A/1064500015 | D15: 45910 | E15: RECEIVING | F15: 101784 | G15: TAGUIG | H15: CCK-8782 | I15: 73296 | J15: DUO-00007A/10645 | K15: 1 | L15: MINIS ASADO 6'S X12 (APRUB) | M15: LOCAL TRANSFER | N15: 45908 | O15: 46454 | P15: =IF(A15="ZERO","",IF(O15="","",O15-TODAY())) | Q15: =IF(A15="ZERO","",IF(P15<0,"ALREADY EXPIRED",IF(P15<60,"NEARLY EXPIRED",""))) | R15: 70 | S15: =+inbound_data[[#This Row],[In Quantity]]*3.744 -> 262.08 | T15: =IF(ISBLANK(R15),0,R15-SUMIF(STOCK_CODE_OUT,$C15,QTY_OUT)) -> 0 | U15: =IF(ISBLANK(S15),0,S15-SUMIF(STOCK_CODE_OUT,$C15,KILOS_OUT)) -> 0 | V15: =IF(ISBLANK(K15),0,K15-SUMIF(STOCK_CODE_OUT,$C15,PALLET_OUT)) -> 0 | W15: BXS | X15: ANNEX | Y15: IMEE | Z15: R | AA15: 4 | AB15: C | AC15: 1 | AD15: 4 | AE15: 2 | AG15: =IF(T15>0,CONCATENATE(AA15,AB15,TEXT(AC15,"R00"),TEXT(AD15,"L0."),TEXT(AE15,"0")),"")
A16: =IF(ISBLANK(inbound_data[[#This Row],[Receiving Report ref.'#]]),"",IF(inbound_data[[#This Row],[Ending Quantity]]=0,"ZERO","INV")) -> ZERO | B16: =IF(ISBLANK(D16),"",TEXT(ROW(),"00000")) -> 00016 | C16: =IF(ISBLANK(D16),"",inbound_data[[#This Row],[Pallet_Series]]&inbound_data[[#This Row],[No.]]) -> DUO-00008A/449600016 | D16: 45910 | E16: RECEIVING | F16: 101784 | G16: TAGUIG | H16: CCK-8782 | I16: 73296 | J16: DUO-00008A/4496 | K16: 1 | L16: MINIS ASADO 6'S X12 (APRUB) | M16: LOCAL TRANSFER | N16: 45908 | O16: 46454 | P16: =IF(A16="ZERO","",IF(O16="","",O16-TODAY())) | Q16: =IF(A16="ZERO","",IF(P16<0,"ALREADY EXPIRED",IF(P16<60,"NEARLY EXPIRED",""))) | R16: 70 | S16: =+inbound_data[[#This Row],[In Quantity]]*3.744 -> 262.08 | T16: =IF(ISBLANK(R16),0,R16-SUMIF(STOCK_CODE_OUT,$C16,QTY_OUT)) -> 0 | U16: =IF(ISBLANK(S16),0,S16-SUMIF(STOCK_CODE_OUT,$C16,KILOS_OUT)) -> 0 | V16: =IF(ISBLANK(K16),0,K16-SUMIF(STOCK_CODE_OUT,$C16,PALLET_OUT)) -> 0 | W16: BXS | X16: ANNEX | Y16: IMEE | Z16: B | AA16: 4 | AB16: C | AC16: 2 | AD16: 4 | AE16: 2 | AG16: =IF(T16>0,CONCATENATE(AA16,AB16,TEXT(AC16,"R00"),TEXT(AD16,"L0."),TEXT(AE16,"0")),"")
A17: =IF(ISBLANK(inbound_data[[#This Row],[Receiving Report ref.'#]]),"",IF(inbound_data[[#This Row],[Ending Quantity]]=0,"ZERO","INV")) -> ZERO | B17: =IF(ISBLANK(D17),"",TEXT(ROW(),"00000")) -> 00017 | C17: =IF(ISBLANK(D17),"",inbound_data[[#This Row],[Pallet_Series]]&inbound_data[[#This Row],[No.]]) -> DUO-00009A/4034100017 | D17: 45910 | E17: RECEIVING | F17: 101784 | G17: TAGUIG | H17: CCK-8782 | I17: 73296 | J17: DUO-00009A/40341 | K17: 1 | L17: MINIS ASADO 6'S X12 (APRUB) | M17: LOCAL TRANSFER | N17: 45908 | O17: 46454 | P17: =IF(A17="ZERO","",IF(O17="","",O17-TODAY())) | Q17: =IF(A17="ZERO","",IF(P17<0,"ALREADY EXPIRED",IF(P17<60,"NEARLY EXPIRED",""))) | R17: 70 | S17: =+inbound_data[[#This Row],[In Quantity]]*3.744 -> 262.08 | T17: =IF(ISBLANK(R17),0,R17-SUMIF(STOCK_CODE_OUT,$C17,QTY_OUT)) -> 0 | U17: =IF(ISBLANK(S17),0,S17-SUMIF(STOCK_CODE_OUT,$C17,KILOS_OUT)) -> 0 | V17: =IF(ISBLANK(K17),0,K17-SUMIF(STOCK_CODE_OUT,$C17,PALLET_OUT)) -> 0 | W17: BXS | X17: ANNEX | Y17: IMEE | Z17: B | AA17: 4 | AB17: C | AC17: 1 | AD17: 3 | AE17: 2 | AG17: =IF(T17>0,CONCATENATE(AA17,AB17,TEXT(AC17,"R00"),TEXT(AD17,"L0."),TEXT(AE17,"0")),"")
A18: =IF(ISBLANK(inbound_data[[#This Row],[Receiving Report ref.'#]]),"",IF(inbound_data[[#This Row],[Ending Quantity]]=0,"ZERO","INV")) -> ZERO | B18: =IF(ISBLANK(D18),"",TEXT(ROW(),"00000")) -> 00018 | C18: =IF(ISBLANK(D18),"",inbound_data[[#This Row],[Pallet_Series]]&inbound_data[[#This Row],[No.]]) -> DUO-00010A/4092100018 | D18: 45910 | E18: RECEIVING | F18: 101784 | G18: TAGUIG | H18: CCK-8782 | I18: 73296 | J18: DUO-00010A/40921 | K18: 1 | L18: MINIS ASADO 6'S X12 (APRUB) | M18: LOCAL TRANSFER | N18: 45908 | O18: 46454 | P18: =IF(A18="ZERO","",IF(O18="","",O18-TODAY())) | Q18: =IF(A18="ZERO","",IF(P18<0,"ALREADY EXPIRED",IF(P18<60,"NEARLY EXPIRED",""))) | R18: 41 | S18: =+inbound_data[[#This Row],[In Quantity]]*3.744 -> 153.504 | T18: =IF(ISBLANK(R18),0,R18-SUMIF(STOCK_CODE_OUT,$C18,QTY_OUT)) -> 0 | U18: =IF(ISBLANK(S18),0,S18-SUMIF(STOCK_CODE_OUT,$C18,KILOS_OUT)) -> 0 | V18: =IF(ISBLANK(K18),0,K18-SUMIF(STOCK_CODE_OUT,$C18,PALLET_OUT)) -> 0 | W18: BXS | X18: ANNEX | Y18: IMEE | Z18: R | AA18: 4 | AB18: C | AC18: 2 | AD18: 5 | AE18: 2 | AG18: =IF(T18>0,CONCATENATE(AA18,AB18,TEXT(AC18,"R00"),TEXT(AD18,"L0."),TEXT(AE18,"0")),"")
A19: =IF(ISBLANK(inbound_data[[#This Row],[Receiving Report ref.'#]]),"",IF(inbound_data[[#This Row],[Ending Quantity]]=0,"ZERO","INV")) -> ZERO | B19: =IF(ISBLANK(D19),"",TEXT(ROW(),"00000")) -> 00019 | C19: =IF(ISBLANK(D19),"",inbound_data[[#This Row],[Pallet_Series]]&inbound_data[[#This Row],[No.]]) -> DUO-00011A/484400019 | D19: 45912 | E19: RECEIVING | F19: 101841 | G19: TAGUIG | H19: CCK-8782 | I19: 73339 | J19: DUO-00011A/4844 | K19: 1 | L19: MINIS ASADO 6'S X12 (APRUB) | M19: LOCAL TRANSFER | N19: 45901 | O19: 46447 | P19: =IF(A19="ZERO","",IF(O19="","",O19-TODAY())) | Q19: =IF(A19="ZERO","",IF(P19<0,"ALREADY EXPIRED",IF(P19<60,"NEARLY EXPIRED",""))) | R19: 70 | S19: 262.08 | T19: =IF(ISBLANK(R19),0,R19-SUMIF(STOCK_CODE_OUT,$C19,QTY_OUT)) -> 0 | U19: =IF(ISBLANK(S19),0,S19-SUMIF(STOCK_CODE_OUT,$C19,KILOS_OUT)) -> 0 | V19: =IF(ISBLANK(K19),0,K19-SUMIF(STOCK_CODE_OUT,$C19,PALLET_OUT)) -> 0 | W19: BXS | X19: ANNEX | Y19: IMEE | Z19: B | AA19: 4 | AB19: A | AC19: 12 | AD19: 5 | AE19: 2 | AG19: =IF(T19>0,CONCATENATE(AA19,AB19,TEXT(AC19,"R00"),TEXT(AD19,"L0."),TEXT(AE19,"0")),"")
A20: =IF(ISBLANK(inbound_data[[#This Row],[Receiving Report ref.'#]]),"",IF(inbound_data[[#This Row],[Ending Quantity]]=0,"ZERO","INV")) -> ZERO | B20: =IF(ISBLANK(D20),"",TEXT(ROW(),"00000")) -> 00020 | C20: =IF(ISBLANK(D20),"",inbound_data[[#This Row],[Pallet_Series]]&inbound_data[[#This Row],[No.]]) -> DUO-00012A/169400020 | D20: 45912 | E20: RECEIVING | F20: 101841 | G20: TAGUIG | H20: CCK-8782 | I20: 73339 | J20: DUO-00012A/1694 | K20: 1 | L20: MINIS ASADO 6'S X12 (APRUB) | M20: LOCAL TRANSFER | N20: 45901 | O20: 46447 | P20: =IF(A20="ZERO","",IF(O20="","",O20-TODAY())) | Q20: =IF(A20="ZERO","",IF(P20<0,"ALREADY EXPIRED",IF(P20<60,"NEARLY EXPIRED",""))) | R20: 70 | S20: 262.08 | T20: =IF(ISBLANK(R20),0,R20-SUMIF(STOCK_CODE_OUT,$C20,QTY_OUT)) -> 0 | U20: =IF(ISBLANK(S20),0,S20-SUMIF(STOCK_CODE_OUT,$C20,KILOS_OUT)) -> 0 | V20: =IF(ISBLANK(K20),0,K20-SUMIF(STOCK_CODE_OUT,$C20,PALLET_OUT)) -> 0 | W20: BXS | X20: ANNEX | Y20: IMEE | Z20: B | AA20: 4 | AB20: A | AC20: 12 | AD20: 6 | AE20: 1 | AG20: =IF(T20>0,CONCATENATE(AA20,AB20,TEXT(AC20,"R00"),TEXT(AD20,"L0."),TEXT(AE20,"0")),"")
A21: =IF(ISBLANK(inbound_data[[#This Row],[Receiving Report ref.'#]]),"",IF(inbound_data[[#This Row],[Ending Quantity]]=0,"ZERO","INV")) -> ZERO | B21: =IF(ISBLANK(D21),"",TEXT(ROW(),"00000")) -> 00021 | C21: =IF(ISBLANK(D21),"",inbound_data[[#This Row],[Pallet_Series]]&inbound_data[[#This Row],[No.]]) -> DUO-00013A/380000021 | D21: 45912 | E21: RECEIVING | F21: 101841 | G21: TAGUIG | H21: CCK-8782 | I21: 73339 | J21: DUO-00013A/3800 | K21: 1 | L21: MINIS ASADO 6'S X12 (APRUB) | M21: LOCAL TRANSFER | N21: 45901 | O21: 46447 | P21: =IF(A21="ZERO","",IF(O21="","",O21-TODAY())) | Q21: =IF(A21="ZERO","",IF(P21<0,"ALREADY EXPIRED",IF(P21<60,"NEARLY EXPIRED",""))) | R21: 70 | S21: 262.08 | T21: =IF(ISBLANK(R21),0,R21-SUMIF(STOCK_CODE_OUT,$C21,QTY_OUT)) -> 0 | U21: =IF(ISBLANK(S21),0,S21-SUMIF(STOCK_CODE_OUT,$C21,KILOS_OUT)) -> 0 | V21: =IF(ISBLANK(K21),0,K21-SUMIF(STOCK_CODE_OUT,$C21,PALLET_OUT)) -> 0 | W21: BXS | X21: ANNEX | Y21: IMEE | Z21: R | AA21: 4 | AB21: A | AC21: 11 | AD21: 6 | AE21: 1 | AG21: =IF(T21>0,CONCATENATE(AA21,AB21,TEXT(AC21,"R00"),TEXT(AD21,"L0."),TEXT(AE21,"0")),"")
A22: =IF(ISBLANK(inbound_data[[#This Row],[Receiving Report ref.'#]]),"",IF(inbound_data[[#This Row],[Ending Quantity]]=0,"ZERO","INV")) -> ZERO | B22: =IF(ISBLANK(D22),"",TEXT(ROW(),"00000")) -> 00022 | C22: =IF(ISBLANK(D22),"",inbound_data[[#This Row],[Pallet_Series]]&inbound_data[[#This Row],[No.]]) -> DUO-00014A/854300022 | D22: 45912 | E22: RECEIVING | F22: 101841 | G22: TAGUIG | H22: CCK-8782 | I22: 73339 | J22: DUO-00014A/8543 | K22: 1 | L22: MINIS ASADO 6'S X12 (APRUB) | M22: LOCAL TRANSFER | N22: 45901 | O22: 46447 | P22: =IF(A22="ZERO","",IF(O22="","",O22-TODAY())) | Q22: =IF(A22="ZERO","",IF(P22<0,"ALREADY EXPIRED",IF(P22<60,"NEARLY EXPIRED",""))) | R22: 70 | S22: 262.08 | T22: =IF(ISBLANK(R22),0,R22-SUMIF(STOCK_CODE_OUT,$C22,QTY_OUT)) -> 0 | U22: =IF(ISBLANK(S22),0,S22-SUMIF(STOCK_CODE_OUT,$C22,KILOS_OUT)) -> 0 | V22: =IF(ISBLANK(K22),0,K22-SUMIF(STOCK_CODE_OUT,$C22,PALLET_OUT)) -> 0 | W22: BXS | X22: ANNEX | Y22: IMEE | Z22: R | AA22: 4 | AB22: A | AC22: 12 | AD22: 6 | AE22: 2 | AG22: =IF(T22>0,CONCATENATE(AA22,AB22,TEXT(AC22,"R00"),TEXT(AD22,"L0."),TEXT(AE22,"0")),"")
A23: =IF(ISBLANK(inbound_data[[#This Row],[Receiving Report ref.'#]]),"",IF(inbound_data[[#This Row],[Ending Quantity]]=0,"ZERO","INV")) -> ZERO | B23: =IF(ISBLANK(D23),"",TEXT(ROW(),"00000")) -> 00023 | C23: =IF(ISBLANK(D23),"",inbound_data[[#This Row],[Pallet_Series]]&inbound_data[[#This Row],[No.]]) -> DUO-00015A/1061000023 | D23: 45918 | E23: RECEIVING | F23: 102348 | G23: TAGUIG | H23: CCK-8782 | I23: 75186 | J23: DUO-00015A/10610 | K23: 1 | L23: PORK ASADO SIOPAO 1.3 KG (CHIBAO) | M23: LOCAL TRANSFER | N23: 45916 | O23: 46462 | P23: =IF(A23="ZERO","",IF(O23="","",O23-TODAY())) | Q23: =IF(A23="ZERO","",IF(P23<0,"ALREADY EXPIRED",IF(P23<60,"NEARLY EXPIRED",""))) | R23: 30 | S23: 312 | T23: =IF(ISBLANK(R23),0,R23-SUMIF(STOCK_CODE_OUT,$C23,QTY_OUT)) -> 0 | U23: =IF(ISBLANK(S23),0,S23-SUMIF(STOCK_CODE_OUT,$C23,KILOS_OUT)) -> 0 | V23: =IF(ISBLANK(K23),0,K23-SUMIF(STOCK_CODE_OUT,$C23,PALLET_OUT)) -> 0 | W23: BXS | X23: ANNEX | Y23: GLADYS | Z23: R | AG23: =IF(T23>0,CONCATENATE(AA23,AB23,TEXT(AC23,"R00"),TEXT(AD23,"L0."),TEXT(AE23,"0")),"")
A24: =IF(ISBLANK(inbound_data[[#This Row],[Receiving Report ref.'#]]),"",IF(inbound_data[[#This Row],[Ending Quantity]]=0,"ZERO","INV")) -> ZERO | B24: =IF(ISBLANK(D24),"",TEXT(ROW(),"00000")) -> 00024 | C24: =IF(ISBLANK(D24),"",inbound_data[[#This Row],[Pallet_Series]]&inbound_data[[#This Row],[No.]]) -> DUO-00016A/399900024 | D24: 45918 | E24: RECEIVING | F24: 102348 | G24: TAGUIG | H24: CCK-8782 | I24: 75186 | J24: DUO-00016A/3999 | K24: 1 | L24: PORK ASADO SIOPAO 1.3 KG (CHIBAO) | M24: LOCAL TRANSFER | N24: 45916 | O24: 46462 | P24: =IF(A24="ZERO","",IF(O24="","",O24-TODAY())) | Q24: =IF(A24="ZERO","",IF(P24<0,"ALREADY EXPIRED",IF(P24<60,"NEARLY EXPIRED",""))) | R24: 30 | S24: 312 | T24: =IF(ISBLANK(R24),0,R24-SUMIF(STOCK_CODE_OUT,$C24,QTY_OUT)) -> 0 | U24: =IF(ISBLANK(S24),0,S24-SUMIF(STOCK_CODE_OUT,$C24,KILOS_OUT)) -> 0 | V24: =IF(ISBLANK(K24),0,K24-SUMIF(STOCK_CODE_OUT,$C24,PALLET_OUT)) -> 0 | W24: BXS | X24: ANNEX | Y24: GLADYS | Z24: R | AG24: =IF(T24>0,CONCATENATE(AA24,AB24,TEXT(AC24,"R00"),TEXT(AD24,"L0."),TEXT(AE24,"0")),"")
A25: =IF(ISBLANK(inbound_data[[#This Row],[Receiving Report ref.'#]]),"",IF(inbound_data[[#This Row],[Ending Quantity]]=0,"ZERO","INV")) -> ZERO | B25: =IF(ISBLANK(D25),"",TEXT(ROW(),"00000")) -> 00025 | C25: =IF(ISBLANK(D25),"",inbound_data[[#This Row],[Pallet_Series]]&inbound_data[[#This Row],[No.]]) -> DUO-00017A/884700025 | D25: 45918 | E25: RECEIVING | F25: 102348 | G25: TAGUIG | H25: CCK-8782 | I25: 75186 | J25: DUO-00017A/8847 | K25: 1 | L25: PORK ASADO SIOPAO 1.3 KG (CHIBAO) | M25: LOCAL TRANSFER | N25: 45916 | O25: 46462 | P25: =IF(A25="ZERO","",IF(O25="","",O25-TODAY())) | Q25: =IF(A25="ZERO","",IF(P25<0,"ALREADY EXPIRED",IF(P25<60,"NEARLY EXPIRED",""))) | R25: 30 | S25: 312 | T25: =IF(ISBLANK(R25),0,R25-SUMIF(STOCK_CODE_OUT,$C25,QTY_OUT)) -> 0 | U25: =IF(ISBLANK(S25),0,S25-SUMIF(STOCK_CODE_OUT,$C25,KILOS_OUT)) -> 0 | V25: =IF(ISBLANK(K25),0,K25-SUMIF(STOCK_CODE_OUT,$C25,PALLET_OUT)) -> 0 | W25: BXS | X25: ANNEX | Y25: GLADYS | Z25: R | AG25: =IF(T25>0,CONCATENATE(AA25,AB25,TEXT(AC25,"R00"),TEXT(AD25,"L0."),TEXT(AE25,"0")),"")
A26: =IF(ISBLANK(inbound_data[[#This Row],[Receiving Report ref.'#]]),"",IF(inbound_data[[#This Row],[Ending Quantity]]=0,"ZERO","INV")) -> ZERO | B26: =IF(ISBLANK(D26),"",TEXT(ROW(),"00000")) -> 00026 | C26: =IF(ISBLANK(D26),"",inbound_data[[#This Row],[Pallet_Series]]&inbound_data[[#This Row],[No.]]) -> DUO-00018A/476400026 | D26: 45918 | E26: RECEIVING | F26: 102348 | G26: TAGUIG | H26: CCK-8782 | I26: 75186 | J26: DUO-00018A/4764 | K26: 1 | L26: PORK ASADO SIOPAO 1.3 KG (CHIBAO) | M26: LOCAL TRANSFER | N26: 45916 | O26: 46462 | P26: =IF(A26="ZERO","",IF(O26="","",O26-TODAY())) | Q26: =IF(A26="ZERO","",IF(P26<0,"ALREADY EXPIRED",IF(P26<60,"NEARLY EXPIRED",""))) | R26: 30 | S26: 312 | T26: =IF(ISBLANK(R26),0,R26-SUMIF(STOCK_CODE_OUT,$C26,QTY_OUT)) -> 0 | U26: =IF(ISBLANK(S26),0,S26-SUMIF(STOCK_CODE_OUT,$C26,KILOS_OUT)) -> 0 | V26: =IF(ISBLANK(K26),0,K26-SUMIF(STOCK_CODE_OUT,$C26,PALLET_OUT)) -> 0 | W26: BXS | X26: ANNEX | Y26: GLADYS | Z26: B | AG26: =IF(T26>0,CONCATENATE(AA26,AB26,TEXT(AC26,"R00"),TEXT(AD26,"L0."),TEXT(AE26,"0")),"")
A27: =IF(ISBLANK(inbound_data[[#This Row],[Receiving Report ref.'#]]),"",IF(inbound_data[[#This Row],[Ending Quantity]]=0,"ZERO","INV")) -> ZERO | B27: =IF(ISBLANK(D27),"",TEXT(ROW(),"00000")) -> 00027 | C27: =IF(ISBLANK(D27),"",inbound_data[[#This Row],[Pallet_Series]]&inbound_data[[#This Row],[No.]]) -> DUO-00019A/610500027 | D27: 45918 | E27: RECEIVING | F27: 102348 | G27: TAGUIG | H27: CCK-8782 | I27: 75186 | J27: DUO-00019A/6105 | K27: 1 | L27: PORK ASADO SIOPAO 1.3 KG (CHIBAO) | M27: LOCAL TRANSFER | N27: 45916 | O27: 46462 | P27: =IF(A27="ZERO","",IF(O27="","",O27-TODAY())) | Q27: =IF(A27="ZERO","",IF(P27<0,"ALREADY EXPIRED",IF(P27<60,"NEARLY EXPIRED",""))) | R27: 30 | S27: 312 | T27: =IF(ISBLANK(R27),0,R27-SUMIF(STOCK_CODE_OUT,$C27,QTY_OUT)) -> 0 | U27: =IF(ISBLANK(S27),0,S27-SUMIF(STOCK_CODE_OUT,$C27,KILOS_OUT)) -> 0 | V27: =IF(ISBLANK(K27),0,K27-SUMIF(STOCK_CODE_OUT,$C27,PALLET_OUT)) -> 0 | W27: BXS | X27: ANNEX | Y27: GLADYS | Z27: R | AG27: =IF(T27>0,CONCATENATE(AA27,AB27,TEXT(AC27,"R00"),TEXT(AD27,"L0."),TEXT(AE27,"0")),"")
A28: =IF(ISBLANK(inbound_data[[#This Row],[Receiving Report ref.'#]]),"",IF(inbound_data[[#This Row],[Ending Quantity]]=0,"ZERO","INV")) -> ZERO | B28: =IF(ISBLANK(D28),"",TEXT(ROW(),"00000")) -> 00028 | C28: =IF(ISBLANK(D28),"",inbound_data[[#This Row],[Pallet_Series]]&inbound_data[[#This Row],[No.]]) -> DUO-00020A/4155400028 | D28: 45918 | E28: RECEIVING | F28: 102348 | G28: TAGUIG | H28: CCK-8782 | I28: 75186 | J28: DUO-00020A/41554 | K28: 1 | L28: PORK ASADO SIOPAO 1.3 KG (CHIBAO) | M28: LOCAL TRANSFER | N28: 45916 | O28: 46462 | P28: =IF(A28="ZERO","",IF(O28="","",O28-TODAY())) | Q28: =IF(A28="ZERO","",IF(P28<0,"ALREADY EXPIRED",IF(P28<60,"NEARLY EXPIRED",""))) | R28: 30 | S28: 312 | T28: =IF(ISBLANK(R28),0,R28-SUMIF(STOCK_CODE_OUT,$C28,QTY_OUT)) -> 0 | U28: =IF(ISBLANK(S28),0,S28-SUMIF(STOCK_CODE_OUT,$C28,KILOS_OUT)) -> 0 | V28: =IF(ISBLANK(K28),0,K28-SUMIF(STOCK_CODE_OUT,$C28,PALLET_OUT)) -> 0 | W28: BXS | X28: ANNEX | Y28: GLADYS | Z28: B | AA28: 2 | AB28: A | AC28: 6 | AD28: 3 | AE28: 1 | AG28: =IF(T28>0,CONCATENATE(AA28,AB28,TEXT(AC28,"R00"),TEXT(AD28,"L0."),TEXT(AE28,"0")),"")
A29: =IF(ISBLANK(inbound_data[[#This Row],[Receiving Report ref.'#]]),"",IF(inbound_data[[#This Row],[Ending Quantity]]=0,"ZERO","INV")) -> ZERO | B29: =IF(ISBLANK(D29),"",TEXT(ROW(),"00000")) -> 00029 | C29: =IF(ISBLANK(D29),"",inbound_data[[#This Row],[Pallet_Series]]&inbound_data[[#This Row],[No.]]) -> DUO-00021A/308000029 | D29: 45918 | E29: RECEIVING | F29: 102348 | G29: TAGUIG | H29: CCK-8782 | I29: 75186 | J29: DUO-00021A/3080 | K29: 1 | L29: PORK ASADO SIOPAO 1.3 KG (CHIBAO) | M29: LOCAL TRANSFER | N29: 45916 | O29: 46462 | P29: =IF(A29="ZERO","",IF(O29="","",O29-TODAY())) | Q29: =IF(A29="ZERO","",IF(P29<0,"ALREADY EXPIRED",IF(P29<60,"NEARLY EXPIRED",""))) | R29: 30 | S29: 312 | T29: =IF(ISBLANK(R29),0,R29-SUMIF(STOCK_CODE_OUT,$C29,QTY_OUT)) -> 0 | U29: =IF(ISBLANK(S29),0,S29-SUMIF(STOCK_CODE_OUT,$C29,KILOS_OUT)) -> 0 | V29: =IF(ISBLANK(K29),0,K29-SUMIF(STOCK_CODE_OUT,$C29,PALLET_OUT)) -> 0 | W29: BXS | X29: ANNEX | Y29: GLADYS | Z29: R | AA29: 2 | AB29: A | AC29: 6 | AD29: 4 | AE29: 2 | AG29: =IF(T29>0,CONCATENATE(AA29,AB29,TEXT(AC29,"R00"),TEXT(AD29,"L0."),TEXT(AE29,"0")),"")
A30: =IF(ISBLANK(inbound_data[[#This Row],[Receiving Report ref.'#]]),"",IF(inbound_data[[#This Row],[Ending Quantity]]=0,"ZERO","INV")) -> ZERO | B30: =IF(ISBLANK(D30),"",TEXT(ROW(),"00000")) -> 00030 | C30: =IF(ISBLANK(D30),"",inbound_data[[#This Row],[Pallet_Series]]&inbound_data[[#This Row],[No.]]) -> DUO-00022A/NP00030 | D30: 45944 | E30: RECEIVING | F30: 105131 | G30: CALOOCAN | H30: CCK-8782 | I30: 78680 | J30: DUO-00022A/NP | K30: 1 | L30: ASADO SIOPAO 30'S (500G) (CHIBAO) | M30: LOCAL TRANSFER | N30: 45931 | O30: 46478 | P30: =IF(A30="ZERO","",IF(O30="","",O30-TODAY())) | Q30: =IF(A30="ZERO","",IF(P30<0,"ALREADY EXPIRED",IF(P30<60,"NEARLY EXPIRED",""))) | R30: 50 | S30: =50*12 -> 600 | T30: =IF(ISBLANK(R30),0,R30-SUMIF(STOCK_CODE_OUT,$C30,QTY_OUT)) -> 0 | U30: =IF(ISBLANK(S30),0,S30-SUMIF(STOCK_CODE_OUT,$C30,KILOS_OUT)) -> 0 | V30: =IF(ISBLANK(K30),0,K30-SUMIF(STOCK_CODE_OUT,$C30,PALLET_OUT)) -> 0 | W30: BXS | X30: ANNEX | Y30: LAINE | Z30: R | AG30: =IF(T30>0,CONCATENATE(AA30,AB30,TEXT(AC30,"R00"),TEXT(AD30,"L0."),TEXT(AE30,"0")),"")
A31: =IF(ISBLANK(inbound_data[[#This Row],[Receiving Report ref.'#]]),"",IF(inbound_data[[#This Row],[Ending Quantity]]=0,"ZERO","INV")) -> ZERO | B31: =IF(ISBLANK(D31),"",TEXT(ROW(),"00000")) -> 00031 | C31: =IF(ISBLANK(D31),"",inbound_data[[#This Row],[Pallet_Series]]&inbound_data[[#This Row],[No.]]) -> DUO-00023A/163900031 | D31: 45944 | E31: RECEIVING | F31: 105131 | G31: CALOOCAN | H31: CCK-8782 | I31: 78680 | J31: DUO-00023A/1639 | K31: 1 | L31: ASADO SIOPAO 30'S (500G) (CHIBAO) | M31: LOCAL TRANSFER | N31: 45931 | O31: 46478 | P31: =IF(A31="ZERO","",IF(O31="","",O31-TODAY())) | Q31: =IF(A31="ZERO","",IF(P31<0,"ALREADY EXPIRED",IF(P31<60,"NEARLY EXPIRED",""))) | R31: 37 | S31: =37*12 -> 444 | T31: =IF(ISBLANK(R31),0,R31-SUMIF(STOCK_CODE_OUT,$C31,QTY_OUT)) -> 0 | U31: =IF(ISBLANK(S31),0,S31-SUMIF(STOCK_CODE_OUT,$C31,KILOS_OUT)) -> 0 | V31: =IF(ISBLANK(K31),0,K31-SUMIF(STOCK_CODE_OUT,$C31,PALLET_OUT)) -> 0 | W31: BXS | X31: ANNEX | Y31: LAINE | Z31: B | AG31: =IF(T31>0,CONCATENATE(AA31,AB31,TEXT(AC31,"R00"),TEXT(AD31,"L0."),TEXT(AE31,"0")),"")
A32: =IF(ISBLANK(inbound_data[[#This Row],[Receiving Report ref.'#]]),"",IF(inbound_data[[#This Row],[Ending Quantity]]=0,"ZERO","INV")) -> ZERO | B32: =IF(ISBLANK(D32),"",TEXT(ROW(),"00000")) -> 00032 | C32: =IF(ISBLANK(D32),"",inbound_data[[#This Row],[Pallet_Series]]&inbound_data[[#This Row],[No.]]) -> DUO-00024A/1003300032 | D32: 45944 | E32: RECEIVING | F32: 105131 | G32: CALOOCAN | H32: CCK-8782 | I32: 78680 | J32: DUO-00024A/10033 | K32: 1 | L32: ASADO SIOPAO 10'S (1.3 KG) (CHIBAO) | M32: LOCAL TRANSFER | N32: 45931 | O32: 46478 | P32: =IF(A32="ZERO","",IF(O32="","",O32-TODAY())) | Q32: =IF(A32="ZERO","",IF(P32<0,"ALREADY EXPIRED",IF(P32<60,"NEARLY EXPIRED",""))) | R32: 30 | S32: =30*10.4 -> 312 | T32: =IF(ISBLANK(R32),0,R32-SUMIF(STOCK_CODE_OUT,$C32,QTY_OUT)) -> 0 | U32: =IF(ISBLANK(S32),0,S32-SUMIF(STOCK_CODE_OUT,$C32,KILOS_OUT)) -> 0 | V32: =IF(ISBLANK(K32),0,K32-SUMIF(STOCK_CODE_OUT,$C32,PALLET_OUT)) -> 0 | W32: BXS | X32: ANNEX | Y32: LAINE | Z32: R | AG32: =IF(T32>0,CONCATENATE(AA32,AB32,TEXT(AC32,"R00"),TEXT(AD32,"L0."),TEXT(AE32,"0")),"")
A33: =IF(ISBLANK(inbound_data[[#This Row],[Receiving Report ref.'#]]),"",IF(inbound_data[[#This Row],[Ending Quantity]]=0,"ZERO","INV")) -> ZERO | B33: =IF(ISBLANK(D33),"",TEXT(ROW(),"00000")) -> 00033 | C33: =IF(ISBLANK(D33),"",inbound_data[[#This Row],[Pallet_Series]]&inbound_data[[#This Row],[No.]]) -> DUO-00025A/94600033 | D33: 45944 | E33: RECEIVING | F33: 105131 | G33: CALOOCAN | H33: CCK-8782 | I33: 78680 | J33: DUO-00025A/946 | K33: 1 | L33: ASADO SIOPAO 10'S (1.3 KG) (CHIBAO) | M33: LOCAL TRANSFER | N33: 45931 | O33: 46478 | P33: =IF(A33="ZERO","",IF(O33="","",O33-TODAY())) | Q33: =IF(A33="ZERO","",IF(P33<0,"ALREADY EXPIRED",IF(P33<60,"NEARLY EXPIRED",""))) | R33: 30 | S33: =30*10.4 -> 312 | T33: =IF(ISBLANK(R33),0,R33-SUMIF(STOCK_CODE_OUT,$C33,QTY_OUT)) -> 0 | U33: =IF(ISBLANK(S33),0,S33-SUMIF(STOCK_CODE_OUT,$C33,KILOS_OUT)) -> 0 | V33: =IF(ISBLANK(K33),0,K33-SUMIF(STOCK_CODE_OUT,$C33,PALLET_OUT)) -> 0 | W33: BXS | X33: ANNEX | Y33: LAINE | Z33: R | AG33: =IF(T33>0,CONCATENATE(AA33,AB33,TEXT(AC33,"R00"),TEXT(AD33,"L0."),TEXT(AE33,"0")),"")
A34: =IF(ISBLANK(inbound_data[[#This Row],[Receiving Report ref.'#]]),"",IF(inbound_data[[#This Row],[Ending Quantity]]=0,"ZERO","INV")) -> ZERO | B34: =IF(ISBLANK(D34),"",TEXT(ROW(),"00000")) -> 00034 | C34: =IF(ISBLANK(D34),"",inbound_data[[#This Row],[Pallet_Series]]&inbound_data[[#This Row],[No.]]) -> DUO-00026A/701700034 | D34: 45944 | E34: RECEIVING | F34: 105131 | G34: CALOOCAN | H34: CCK-8782 | I34: 78680 | J34: DUO-00026A/7017 | K34: 1 | L34: ASADO SIOPAO 10'S (1.3 KG) (CHIBAO) | M34: LOCAL TRANSFER | N34: 45931 | O34: 46478 | P34: =IF(A34="ZERO","",IF(O34="","",O34-TODAY())) | Q34: =IF(A34="ZERO","",IF(P34<0,"ALREADY EXPIRED",IF(P34<60,"NEARLY EXPIRED",""))) | R34: 30 | S34: =30*10.4 -> 312 | T34: =IF(ISBLANK(R34),0,R34-SUMIF(STOCK_CODE_OUT,$C34,QTY_OUT)) -> 0 | U34: =IF(ISBLANK(S34),0,S34-SUMIF(STOCK_CODE_OUT,$C34,KILOS_OUT)) -> 0 | V34: =IF(ISBLANK(K34),0,K34-SUMIF(STOCK_CODE_OUT,$C34,PALLET_OUT)) -> 0 | W34: BXS | X34: ANNEX | Y34: LAINE | Z34: R | AG34: =IF(T34>0,CONCATENATE(AA34,AB34,TEXT(AC34,"R00"),TEXT(AD34,"L0."),TEXT(AE34,"0")),"")
A35: =IF(ISBLANK(inbound_data[[#This Row],[Receiving Report ref.'#]]),"",IF(inbound_data[[#This Row],[Ending Quantity]]=0,"ZERO","INV")) -> ZERO | B35: =IF(ISBLANK(D35),"",TEXT(ROW(),"00000")) -> 00035 | C35: =IF(ISBLANK(D35),"",inbound_data[[#This Row],[Pallet_Series]]&inbound_data[[#This Row],[No.]]) -> DUO-00027A/626900035 | D35: 45944 | E35: RECEIVING | F35: 105131 | G35: CALOOCAN | H35: CCK-8782 | I35: 78680 | J35: DUO-00027A/6269 | K35: 1 | L35: ASADO SIOPAO 10'S (1.3 KG) (CHIBAO) | M35: LOCAL TRANSFER | N35: 45931 | O35: 46478 | P35: =IF(A35="ZERO","",IF(O35="","",O35-TODAY())) | Q35: =IF(A35="ZERO","",IF(P35<0,"ALREADY EXPIRED",IF(P35<60,"NEARLY EXPIRED",""))) | R35: 30 | S35: =30*10.4 -> 312 | T35: =IF(ISBLANK(R35),0,R35-SUMIF(STOCK_CODE_OUT,$C35,QTY_OUT)) -> 0 | U35: =IF(ISBLANK(S35),0,S35-SUMIF(STOCK_CODE_OUT,$C35,KILOS_OUT)) -> 0 | V35: =IF(ISBLANK(K35),0,K35-SUMIF(STOCK_CODE_OUT,$C35,PALLET_OUT)) -> 0 | W35: BXS | X35: ANNEX | Y35: LAINE | Z35: R | AG35: =IF(T35>0,CONCATENATE(AA35,AB35,TEXT(AC35,"R00"),TEXT(AD35,"L0."),TEXT(AE35,"0")),"")
A36: =IF(ISBLANK(inbound_data[[#This Row],[Receiving Report ref.'#]]),"",IF(inbound_data[[#This Row],[Ending Quantity]]=0,"ZERO","INV")) -> ZERO | B36: =IF(ISBLANK(D36),"",TEXT(ROW(),"00000")) -> 00036 | C36: =IF(ISBLANK(D36),"",inbound_data[[#This Row],[Pallet_Series]]&inbound_data[[#This Row],[No.]]) -> DUO-00028A/47800036 | D36: 45944 | E36: RECEIVING | F36: 105131 | G36: CALOOCAN | H36: CCK-8782 | I36: 78680 | J36: DUO-00028A/478 | K36: 1 | L36: ASADO SIOPAO 10'S (1.3 KG) (CHIBAO) | M36: LOCAL TRANSFER | N36: 45931 | O36: 46478 | P36: =IF(A36="ZERO","",IF(O36="","",O36-TODAY())) | Q36: =IF(A36="ZERO","",IF(P36<0,"ALREADY EXPIRED",IF(P36<60,"NEARLY EXPIRED",""))) | R36: 30 | S36: =30*10.4 -> 312 | T36: =IF(ISBLANK(R36),0,R36-SUMIF(STOCK_CODE_OUT,$C36,QTY_OUT)) -> 0 | U36: =IF(ISBLANK(S36),0,S36-SUMIF(STOCK_CODE_OUT,$C36,KILOS_OUT)) -> 0 | V36: =IF(ISBLANK(K36),0,K36-SUMIF(STOCK_CODE_OUT,$C36,PALLET_OUT)) -> 0 | W36: BXS | X36: ANNEX | Y36: LAINE | Z36: R | AG36: =IF(T36>0,CONCATENATE(AA36,AB36,TEXT(AC36,"R00"),TEXT(AD36,"L0."),TEXT(AE36,"0")),"")
A37: =IF(ISBLANK(inbound_data[[#This Row],[Receiving Report ref.'#]]),"",IF(inbound_data[[#This Row],[Ending Quantity]]=0,"ZERO","INV")) -> ZERO | B37: =IF(ISBLANK(D37),"",TEXT(ROW(),"00000")) -> 00037 | C37: =IF(ISBLANK(D37),"",inbound_data[[#This Row],[Pallet_Series]]&inbound_data[[#This Row],[No.]]) -> DUO-00029A/162000037 | D37: 45944 | E37: RECEIVING | F37: 105131 | G37: CALOOCAN | H37: CCK-8782 | I37: 78680 | J37: DUO-00029A/1620 | K37: 1 | L37: ASADO SIOPAO 10'S (1.3 KG) (CHIBAO) | M37: LOCAL TRANSFER | N37: 45931 | O37: 46478 | P37: =IF(A37="ZERO","",IF(O37="","",O37-TODAY())) | Q37: =IF(A37="ZERO","",IF(P37<0,"ALREADY EXPIRED",IF(P37<60,"NEARLY EXPIRED",""))) | R37: 30 | S37: =30*10.4 -> 312 | T37: =IF(ISBLANK(R37),0,R37-SUMIF(STOCK_CODE_OUT,$C37,QTY_OUT)) -> 0 | U37: =IF(ISBLANK(S37),0,S37-SUMIF(STOCK_CODE_OUT,$C37,KILOS_OUT)) -> 0 | V37: =IF(ISBLANK(K37),0,K37-SUMIF(STOCK_CODE_OUT,$C37,PALLET_OUT)) -> 0 | W37: BXS | X37: ANNEX | Y37: LAINE | Z37: B | AG37: =IF(T37>0,CONCATENATE(AA37,AB37,TEXT(AC37,"R00"),TEXT(AD37,"L0."),TEXT(AE37,"0")),"")
A38: =IF(ISBLANK(inbound_data[[#This Row],[Receiving Report ref.'#]]),"",IF(inbound_data[[#This Row],[Ending Quantity]]=0,"ZERO","INV")) -> ZERO | B38: =IF(ISBLANK(D38),"",TEXT(ROW(),"00000")) -> 00038 | C38: =IF(ISBLANK(D38),"",inbound_data[[#This Row],[Pallet_Series]]&inbound_data[[#This Row],[No.]]) -> DUO-00030A/762000038 | D38: 45944 | E38: RECEIVING | F38: 105131 | G38: CALOOCAN | H38: CCK-8782 | I38: 78680 | J38: DUO-00030A/7620 | K38: 1 | L38: ASADO SIOPAO 10'S (1.3 KG) (CHIBAO) | M38: LOCAL TRANSFER | N38: 45931 | O38: 46478 | P38: =IF(A38="ZERO","",IF(O38="","",O38-TODAY())) | Q38: =IF(A38="ZERO","",IF(P38<0,"ALREADY EXPIRED",IF(P38<60,"NEARLY EXPIRED",""))) | R38: 30 | S38: =30*10.4 -> 312 | T38: =IF(ISBLANK(R38),0,R38-SUMIF(STOCK_CODE_OUT,$C38,QTY_OUT)) -> 0 | U38: =IF(ISBLANK(S38),0,S38-SUMIF(STOCK_CODE_OUT,$C38,KILOS_OUT)) -> 0 | V38: =IF(ISBLANK(K38),0,K38-SUMIF(STOCK_CODE_OUT,$C38,PALLET_OUT)) -> 0 | W38: BXS | X38: ANNEX | Y38: LAINE | Z38: R | AG38: =IF(T38>0,CONCATENATE(AA38,AB38,TEXT(AC38,"R00"),TEXT(AD38,"L0."),TEXT(AE38,"0")),"")
A39: =IF(ISBLANK(inbound_data[[#This Row],[Receiving Report ref.'#]]),"",IF(inbound_data[[#This Row],[Ending Quantity]]=0,"ZERO","INV")) -> ZERO | B39: =IF(ISBLANK(D39),"",TEXT(ROW(),"00000")) -> 00039 | C39: =IF(ISBLANK(D39),"",inbound_data[[#This Row],[Pallet_Series]]&inbound_data[[#This Row],[No.]]) -> DUO-00031A/1056800039 | D39: 45944 | E39: RECEIVING | F39: 105131 | G39: CALOOCAN | H39: CCK-8782 | I39: 78680 | J39: DUO-00031A/10568 | K39: 1 | L39: ASADO SIOPAO 10'S (1.3 KG) (CHIBAO) | M39: LOCAL TRANSFER | N39: 45931 | O39: 46478 | P39: =IF(A39="ZERO","",IF(O39="","",O39-TODAY())) | Q39: =IF(A39="ZERO","",IF(P39<0,"ALREADY EXPIRED",IF(P39<60,"NEARLY EXPIRED",""))) | R39: 30 | S39: =30*10.4 -> 312 | T39: =IF(ISBLANK(R39),0,R39-SUMIF(STOCK_CODE_OUT,$C39,QTY_OUT)) -> 0 | U39: =IF(ISBLANK(S39),0,S39-SUMIF(STOCK_CODE_OUT,$C39,KILOS_OUT)) -> 0 | V39: =IF(ISBLANK(K39),0,K39-SUMIF(STOCK_CODE_OUT,$C39,PALLET_OUT)) -> 0 | W39: BXS | X39: ANNEX | Y39: LAINE | Z39: R | AG39: =IF(T39>0,CONCATENATE(AA39,AB39,TEXT(AC39,"R00"),TEXT(AD39,"L0."),TEXT(AE39,"0")),"")
A40: =IF(ISBLANK(inbound_data[[#This Row],[Receiving Report ref.'#]]),"",IF(inbound_data[[#This Row],[Ending Quantity]]=0,"ZERO","INV")) -> ZERO | B40: =IF(ISBLANK(D40),"",TEXT(ROW(),"00000")) -> 00040 | C40: =IF(ISBLANK(D40),"",inbound_data[[#This Row],[Pallet_Series]]&inbound_data[[#This Row],[No.]]) -> DUO-00032A/792600040 | D40: 45945 | E40: RECEIVING | F40: 105317 | G40: CALOOCAN | H40: NGN-7085 | I40: 78706 | J40: DUO-00032A/7926 | K40: 1 | L40: CHIBAO ASADO SIOPAO 10'S (1.3 KG) (CHIBAO) | M40: LOCAL TRANSFER | N40: 45931 | O40: 46478 | P40: =IF(A40="ZERO","",IF(O40="","",O40-TODAY())) | Q40: =IF(A40="ZERO","",IF(P40<0,"ALREADY EXPIRED",IF(P40<60,"NEARLY EXPIRED",""))) | R40: 30 | S40: =10.4*30 -> 312 | T40: =IF(ISBLANK(R40),0,R40-SUMIF(STOCK_CODE_OUT,$C40,QTY_OUT)) -> 0 | U40: =IF(ISBLANK(S40),0,S40-SUMIF(STOCK_CODE_OUT,$C40,KILOS_OUT)) -> 0 | V40: =IF(ISBLANK(K40),0,K40-SUMIF(STOCK_CODE_OUT,$C40,PALLET_OUT)) -> 0 | W40: BXS | X40: ANNEX | Y40: LAINE | Z40: R | AA40: 2 | AB40: A | AC40: 6 | AD40: 4 | AE40: 1 | AG40: =IF(T40>0,CONCATENATE(AA40,AB40,TEXT(AC40,"R00"),TEXT(AD40,"L0."),TEXT(AE40,"0")),"")
A41: =IF(ISBLANK(inbound_data[[#This Row],[Receiving Report ref.'#]]),"",IF(inbound_data[[#This Row],[Ending Quantity]]=0,"ZERO","INV")) -> ZERO | B41: =IF(ISBLANK(D41),"",TEXT(ROW(),"00000")) -> 00041 | C41: =IF(ISBLANK(D41),"",inbound_data[[#This Row],[Pallet_Series]]&inbound_data[[#This Row],[No.]]) -> DUO-00033A/593500041 | D41: 45945 | E41: RECEIVING | F41: 105317 | G41: CALOOCAN | H41: NGN-7085 | I41: 78706 | J41: DUO-00033A/5935 | K41: 1 | L41: CHIBAO ASADO SIOPAO 10'S (1.3 KG) (CHIBAO) | M41: LOCAL TRANSFER | N41: 45931 | O41: 46478 | P41: =IF(A41="ZERO","",IF(O41="","",O41-TODAY())) | Q41: =IF(A41="ZERO","",IF(P41<0,"ALREADY EXPIRED",IF(P41<60,"NEARLY EXPIRED",""))) | R41: 30 | S41: =10.4*30 -> 312 | T41: =IF(ISBLANK(R41),0,R41-SUMIF(STOCK_CODE_OUT,$C41,QTY_OUT)) -> 0 | U41: =IF(ISBLANK(S41),0,S41-SUMIF(STOCK_CODE_OUT,$C41,KILOS_OUT)) -> 0 | V41: =IF(ISBLANK(K41),0,K41-SUMIF(STOCK_CODE_OUT,$C41,PALLET_OUT)) -> 0 | W41: BXS | X41: ANNEX | Y41: LAINE | Z41: B | AA41: 2 | AB41: B | AC41: 8 | AD41: 7 | AE41: 2 | AG41: =IF(T41>0,CONCATENATE(AA41,AB41,TEXT(AC41,"R00"),TEXT(AD41,"L0."),TEXT(AE41,"0")),"")
A42: =IF(ISBLANK(inbound_data[[#This Row],[Receiving Report ref.'#]]),"",IF(inbound_data[[#This Row],[Ending Quantity]]=0,"ZERO","INV")) -> ZERO | B42: =IF(ISBLANK(D42),"",TEXT(ROW(),"00000")) -> 00042 | C42: =IF(ISBLANK(D42),"",inbound_data[[#This Row],[Pallet_Series]]&inbound_data[[#This Row],[No.]]) -> DUO-00034A/589800042 | D42: 45945 | E42: RECEIVING | F42: 105317 | G42: CALOOCAN | H42: NGN-7085 | I42: 78706 | J42: DUO-00034A/5898 | K42: 1 | L42: CHIBAO ASADO SIOPAO 10'S (1.3 KG) (CHIBAO) | M42: LOCAL TRANSFER | N42: 45931 | O42: 46478 | P42: =IF(A42="ZERO","",IF(O42="","",O42-TODAY())) | Q42: =IF(A42="ZERO","",IF(P42<0,"ALREADY EXPIRED",IF(P42<60,"NEARLY EXPIRED",""))) | R42: 30 | S42: =10.4*30 -> 312 | T42: =IF(ISBLANK(R42),0,R42-SUMIF(STOCK_CODE_OUT,$C42,QTY_OUT)) -> 0 | U42: =IF(ISBLANK(S42),0,S42-SUMIF(STOCK_CODE_OUT,$C42,KILOS_OUT)) -> 0 | V42: =IF(ISBLANK(K42),0,K42-SUMIF(STOCK_CODE_OUT,$C42,PALLET_OUT)) -> 0 | W42: BXS | X42: ANNEX | Y42: LAINE | Z42: R | AA42: 2 | AB42: B | AC42: 6 | AD42: 5 | AE42: 2 | AG42: =IF(T42>0,CONCATENATE(AA42,AB42,TEXT(AC42,"R00"),TEXT(AD42,"L0."),TEXT(AE42,"0")),"")
A43: =IF(ISBLANK(inbound_data[[#This Row],[Receiving Report ref.'#]]),"",IF(inbound_data[[#This Row],[Ending Quantity]]=0,"ZERO","INV")) -> ZERO | B43: =IF(ISBLANK(D43),"",TEXT(ROW(),"00000")) -> 00043 | C43: =IF(ISBLANK(D43),"",inbound_data[[#This Row],[Pallet_Series]]&inbound_data[[#This Row],[No.]]) -> DUO-00035A/4042200043 | D43: 45945 | E43: RECEIVING | F43: 105317 | G43: CALOOCAN | H43: NGN-7085 | I43: 78706 | J43: DUO-00035A/40422 | K43: 1 | L43: CHIBAO ASADO SIOPAO 10'S (1.3 KG) (CHIBAO) | M43: LOCAL TRANSFER | N43: 45931 | O43: 46478 | P43: =IF(A43="ZERO","",IF(O43="","",O43-TODAY())) | Q43: =IF(A43="ZERO","",IF(P43<0,"ALREADY EXPIRED",IF(P43<60,"NEARLY EXPIRED",""))) | R43: 30 | S43: =10.4*30 -> 312 | T43: =IF(ISBLANK(R43),0,R43-SUMIF(STOCK_CODE_OUT,$C43,QTY_OUT)) -> 0 | U43: =IF(ISBLANK(S43),0,S43-SUMIF(STOCK_CODE_OUT,$C43,KILOS_OUT)) -> 0 | V43: =IF(ISBLANK(K43),0,K43-SUMIF(STOCK_CODE_OUT,$C43,PALLET_OUT)) -> 0 | W43: BXS | X43: ANNEX | Y43: LAINE | Z43: R | AA43: 2 | AB43: B | AC43: 6 | AD43: 5 | AE43: 1 | AG43: =IF(T43>0,CONCATENATE(AA43,AB43,TEXT(AC43,"R00"),TEXT(AD43,"L0."),TEXT(AE43,"0")),"")
A44: =IF(ISBLANK(inbound_data[[#This Row],[Receiving Report ref.'#]]),"",IF(inbound_data[[#This Row],[Ending Quantity]]=0,"ZERO","INV")) -> ZERO | B44: =IF(ISBLANK(D44),"",TEXT(ROW(),"00000")) -> 00044 | C44: =IF(ISBLANK(D44),"",inbound_data[[#This Row],[Pallet_Series]]&inbound_data[[#This Row],[No.]]) -> DUO-00036A/330900044 | D44: 45945 | E44: RECEIVING | F44: 105317 | G44: CALOOCAN | H44: NGN-7085 | I44: 78706 | J44: DUO-00036A/3309 | K44: 1 | L44: CHIBAO ASADO SIOMAI 30'S (500G) (CHIBAO) | M44: LOCAL TRANSFER | N44: 45931 | O44: 46478 | P44: =IF(A44="ZERO","",IF(O44="","",O44-TODAY())) | Q44: =IF(A44="ZERO","",IF(P44<0,"ALREADY EXPIRED",IF(P44<60,"NEARLY EXPIRED",""))) | R44: 50 | S44: =50*12 -> 600 | T44: =IF(ISBLANK(R44),0,R44-SUMIF(STOCK_CODE_OUT,$C44,QTY_OUT)) -> 0 | U44: =IF(ISBLANK(S44),0,S44-SUMIF(STOCK_CODE_OUT,$C44,KILOS_OUT)) -> 0 | V44: =IF(ISBLANK(K44),0,K44-SUMIF(STOCK_CODE_OUT,$C44,PALLET_OUT)) -> 0 | W44: BXS | X44: ANNEX | Y44: LAINE | Z44: R | AA44: 2 | AB44: A | AC44: 6 | AD44: 4 | AE44: 2 | AG44: =IF(T44>0,CONCATENATE(AA44,AB44,TEXT(AC44,"R00"),TEXT(AD44,"L0."),TEXT(AE44,"0")),"")
A45: =IF(ISBLANK(inbound_data[[#This Row],[Receiving Report ref.'#]]),"",IF(inbound_data[[#This Row],[Ending Quantity]]=0,"ZERO","INV")) -> ZERO | B45: =IF(ISBLANK(D45),"",TEXT(ROW(),"00000")) -> 00045 | C45: =IF(ISBLANK(D45),"",inbound_data[[#This Row],[Pallet_Series]]&inbound_data[[#This Row],[No.]]) -> DUO-00037A/138100045 | D45: 45945 | E45: RECEIVING | F45: 105317 | G45: CALOOCAN | H45: NGN-7085 | I45: 78706 | J45: DUO-00037A/1381 | K45: 1 | L45: CHIBAO ASADO SIOMAI 30'S (500G) (CHIBAO) | M45: LOCAL TRANSFER | N45: 45931 | O45: 46478 | P45: =IF(A45="ZERO","",IF(O45="","",O45-TODAY())) | Q45: =IF(A45="ZERO","",IF(P45<0,"ALREADY EXPIRED",IF(P45<60,"NEARLY EXPIRED",""))) | R45: 41 | S45: =41*12 -> 492 | T45: =IF(ISBLANK(R45),0,R45-SUMIF(STOCK_CODE_OUT,$C45,QTY_OUT)) -> 0 | U45: =IF(ISBLANK(S45),0,S45-SUMIF(STOCK_CODE_OUT,$C45,KILOS_OUT)) -> 0 | V45: =IF(ISBLANK(K45),0,K45-SUMIF(STOCK_CODE_OUT,$C45,PALLET_OUT)) -> 0 | W45: BXS | X45: ANNEX | Y45: LAINE | Z45: R | AA45: 2 | AB45: B | AC45: 8 | AD45: 7 | AE45: 1 | AG45: =IF(T45>0,CONCATENATE(AA45,AB45,TEXT(AC45,"R00"),TEXT(AD45,"L0."),TEXT(AE45,"0")),"")
A46: =IF(ISBLANK(inbound_data[[#This Row],[Receiving Report ref.'#]]),"",IF(inbound_data[[#This Row],[Ending Quantity]]=0,"ZERO","INV")) -> ZERO | B46: =IF(ISBLANK(D46),"",TEXT(ROW(),"00000")) -> 00046 | C46: =IF(ISBLANK(D46),"",inbound_data[[#This Row],[Pallet_Series]]&inbound_data[[#This Row],[No.]]) -> DUO-00038A/183400046 | D46: 45946 | E46: RECEIVING | F46: 105330 | G46: CALOOCAN | H46: CCK-8782 | I46: 78716 | J46: DUO-00038A/1834 | K46: 1 | L46: CHIBAO ASADO SIOMAI 30'S (500G) | M46: LOCAL TRANSFER | N46: 45945 | O46: 46492 | P46: =IF(A46="ZERO","",IF(O46="","",O46-TODAY())) | Q46: =IF(A46="ZERO","",IF(P46<0,"ALREADY EXPIRED",IF(P46<60,"NEARLY EXPIRED",""))) | R46: 30 | S46: 360 | T46: =IF(ISBLANK(R46),0,R46-SUMIF(STOCK_CODE_OUT,$C46,QTY_OUT)) -> 0 | U46: =IF(ISBLANK(S46),0,S46-SUMIF(STOCK_CODE_OUT,$C46,KILOS_OUT)) -> 0 | V46: =IF(ISBLANK(K46),0,K46-SUMIF(STOCK_CODE_OUT,$C46,PALLET_OUT)) -> 0 | W46: BXS | X46: ANNEX | Y46: IMEE | AG46: =IF(T46>0,CONCATENATE(AA46,AB46,TEXT(AC46,"R00"),TEXT(AD46,"L0."),TEXT(AE46,"0")),"")
A47: =IF(ISBLANK(inbound_data[[#This Row],[Receiving Report ref.'#]]),"",IF(inbound_data[[#This Row],[Ending Quantity]]=0,"ZERO","INV")) -> ZERO | B47: =IF(ISBLANK(D47),"",TEXT(ROW(),"00000")) -> 00047 | C47: =IF(ISBLANK(D47),"",inbound_data[[#This Row],[Pallet_Series]]&inbound_data[[#This Row],[No.]]) -> DUO-00039A/748700047 | D47: 45946 | E47: RECEIVING | F47: 105330 | G47: CALOOCAN | H47: CCK-8782 | I47: 78716 | J47: DUO-00039A/7487 | K47: 1 | L47: CHIBAO ASADO SIOPAO 10'S (1.3 KG) | M47: LOCAL TRANSFER | N47: 45945 | O47: 46492 | P47: =IF(A47="ZERO","",IF(O47="","",O47-TODAY())) | Q47: =IF(A47="ZERO","",IF(P47<0,"ALREADY EXPIRED",IF(P47<60,"NEARLY EXPIRED",""))) | R47: 30 | S47: 312 | T47: =IF(ISBLANK(R47),0,R47-SUMIF(STOCK_CODE_OUT,$C47,QTY_OUT)) -> 0 | U47: =IF(ISBLANK(S47),0,S47-SUMIF(STOCK_CODE_OUT,$C47,KILOS_OUT)) -> 0 | V47: =IF(ISBLANK(K47),0,K47-SUMIF(STOCK_CODE_OUT,$C47,PALLET_OUT)) -> 0 | W47: BXS | X47: ANNEX | Y47: IMEE | AG47: =IF(T47>0,CONCATENATE(AA47,AB47,TEXT(AC47,"R00"),TEXT(AD47,"L0."),TEXT(AE47,"0")),"")
A48: =IF(ISBLANK(inbound_data[[#This Row],[Receiving Report ref.'#]]),"",IF(inbound_data[[#This Row],[Ending Quantity]]=0,"ZERO","INV")) -> ZERO | B48: =IF(ISBLANK(D48),"",TEXT(ROW(),"00000")) -> 00048 | C48: =IF(ISBLANK(D48),"",inbound_data[[#This Row],[Pallet_Series]]&inbound_data[[#This Row],[No.]]) -> DUO-00040A/4111800048 | D48: 45946 | E48: RECEIVING | F48: 105330 | G48: CALOOCAN | H48: CCK-8782 | I48: 78716 | J48: DUO-00040A/41118 | K48: 1 | L48: CHIBAO ASADO SIOPAO 10'S (1.3 KG) | M48: LOCAL TRANSFER | N48: 45945 | O48: 46492 | P48: =IF(A48="ZERO","",IF(O48="","",O48-TODAY())) | Q48: =IF(A48="ZERO","",IF(P48<0,"ALREADY EXPIRED",IF(P48<60,"NEARLY EXPIRED",""))) | R48: 25 | S48: 260 | T48: =IF(ISBLANK(R48),0,R48-SUMIF(STOCK_CODE_OUT,$C48,QTY_OUT)) -> 0 | U48: =IF(ISBLANK(S48),0,S48-SUMIF(STOCK_CODE_OUT,$C48,KILOS_OUT)) -> 0 | V48: =IF(ISBLANK(K48),0,K48-SUMIF(STOCK_CODE_OUT,$C48,PALLET_OUT)) -> 0 | W48: BXS | X48: ANNEX | Y48: IMEE | AG48: =IF(T48>0,CONCATENATE(AA48,AB48,TEXT(AC48,"R00"),TEXT(AD48,"L0."),TEXT(AE48,"0")),"")
A49: =IF(ISBLANK(inbound_data[[#This Row],[Receiving Report ref.'#]]),"",IF(inbound_data[[#This Row],[Ending Quantity]]=0,"ZERO","INV")) -> ZERO | B49: =IF(ISBLANK(D49),"",TEXT(ROW(),"00000")) -> 00049 | C49: =IF(ISBLANK(D49),"",inbound_data[[#This Row],[Pallet_Series]]&inbound_data[[#This Row],[No.]]) -> DUO-00040A/259500049 | D49: 45988 | E49: RECEIVING | F49: 109569 | G49: DUO POWER | H49: CCK-8785 | I49: 83318 | J49: DUO-00040A/2595 | K49: 1 | L49: PORK SIOMAI 500G (CHIBAO) | M49: LOCAL TRANSFER | N49: 45986 | O49: 46533 | P49: =IF(A49="ZERO","",IF(O49="","",O49-TODAY())) | Q49: =IF(A49="ZERO","",IF(P49<0,"ALREADY EXPIRED",IF(P49<60,"NEARLY EXPIRED",""))) | R49: 50 | S49: =+inbound_data[[#This Row],[In Quantity]]*12 -> 600 | T49: =IF(ISBLANK(R49),0,R49-SUMIF(STOCK_CODE_OUT,$C49,QTY_OUT)) -> 0 | U49: =IF(ISBLANK(S49),0,S49-SUMIF(STOCK_CODE_OUT,$C49,KILOS_OUT)) -> 0 | V49: =IF(ISBLANK(K49),0,K49-SUMIF(STOCK_CODE_OUT,$C49,PALLET_OUT)) -> 0 | W49: BXS | X49: ANNEX | Y49: JAYSON | AG49: =IF(T49>0,CONCATENATE(AA49,AB49,TEXT(AC49,"R00"),TEXT(AD49,"L0."),TEXT(AE49,"0")),"")
A50: =IF(ISBLANK(inbound_data[[#This Row],[Receiving Report ref.'#]]),"",IF(inbound_data[[#This Row],[Ending Quantity]]=0,"ZERO","INV")) -> ZERO | B50: =IF(ISBLANK(D50),"",TEXT(ROW(),"00000")) -> 00050 | C50: =IF(ISBLANK(D50),"",inbound_data[[#This Row],[Pallet_Series]]&inbound_data[[#This Row],[No.]]) -> DUO-00041A/453800050 | D50: 45988 | E50: RECEIVING | F50: 109569 | G50: DUO POWER | H50: CCK-8785 | I50: 83318 | J50: DUO-00041A/4538 | K50: 1 | L50: PORK SIOMAI 500G (CHIBAO) | M50: LOCAL TRANSFER | N50: 45986 | O50: 46533 | P50: =IF(A50="ZERO","",IF(O50="","",O50-TODAY())) | Q50: =IF(A50="ZERO","",IF(P50<0,"ALREADY EXPIRED",IF(P50<60,"NEARLY EXPIRED",""))) | R50: 50 | S50: =+inbound_data[[#This Row],[In Quantity]]*12 -> 600 | T50: =IF(ISBLANK(R50),0,R50-SUMIF(STOCK_CODE_OUT,$C50,QTY_OUT)) -> 0 | U50: =IF(ISBLANK(S50),0,S50-SUMIF(STOCK_CODE_OUT,$C50,KILOS_OUT)) -> 0 | V50: =IF(ISBLANK(K50),0,K50-SUMIF(STOCK_CODE_OUT,$C50,PALLET_OUT)) -> 0 | W50: BXS | X50: ANNEX | Y50: JAYSON | AG50: =IF(T50>0,CONCATENATE(AA50,AB50,TEXT(AC50,"R00"),TEXT(AD50,"L0."),TEXT(AE50,"0")),"")
A51: =IF(ISBLANK(inbound_data[[#This Row],[Receiving Report ref.'#]]),"",IF(inbound_data[[#This Row],[Ending Quantity]]=0,"ZERO","INV")) -> ZERO | B51: =IF(ISBLANK(D51),"",TEXT(ROW(),"00000")) -> 00051 | C51: =IF(ISBLANK(D51),"",inbound_data[[#This Row],[Pallet_Series]]&inbound_data[[#This Row],[No.]]) -> DUO-00042A/767100051 | D51: 45988 | E51: RECEIVING | F51: 109569 | G51: DUO POWER | H51: CCK-8785 | I51: 83318 | J51: DUO-00042A/7671 | K51: 1 | L51: PORK ASADO SIOPAO 1.3KG (CHIBAO) | M51: LOCAL TRANSFER | N51: 45986 | O51: 46533 | P51: =IF(A51="ZERO","",IF(O51="","",O51-TODAY())) | Q51: =IF(A51="ZERO","",IF(P51<0,"ALREADY EXPIRED",IF(P51<60,"NEARLY EXPIRED",""))) | R51: 30 | S51: =+inbound_data[[#This Row],[In Quantity]]*10.4 -> 312 | T51: =IF(ISBLANK(R51),0,R51-SUMIF(STOCK_CODE_OUT,$C51,QTY_OUT)) -> 0 | U51: =IF(ISBLANK(S51),0,S51-SUMIF(STOCK_CODE_OUT,$C51,KILOS_OUT)) -> 0 | V51: =IF(ISBLANK(K51),0,K51-SUMIF(STOCK_CODE_OUT,$C51,PALLET_OUT)) -> 0 | W51: BXS | X51: ANNEX | Y51: JAYSON | AG51: =IF(T51>0,CONCATENATE(AA51,AB51,TEXT(AC51,"R00"),TEXT(AD51,"L0."),TEXT(AE51,"0")),"")
A52: =IF(ISBLANK(inbound_data[[#This Row],[Receiving Report ref.'#]]),"",IF(inbound_data[[#This Row],[Ending Quantity]]=0,"ZERO","INV")) -> ZERO | B52: =IF(ISBLANK(D52),"",TEXT(ROW(),"00000")) -> 00052 | C52: =IF(ISBLANK(D52),"",inbound_data[[#This Row],[Pallet_Series]]&inbound_data[[#This Row],[No.]]) -> DUO-00043A/197000052 | D52: 45988 | E52: RECEIVING | F52: 109569 | G52: DUO POWER | H52: CCK-8785 | I52: 83318 | J52: DUO-00043A/1970 | K52: 1 | L52: PORK ASADO SIOPAO 1.3KG (CHIBAO) | M52: LOCAL TRANSFER | N52: 45986 | O52: 46533 | P52: =IF(A52="ZERO","",IF(O52="","",O52-TODAY())) | Q52: =IF(A52="ZERO","",IF(P52<0,"ALREADY EXPIRED",IF(P52<60,"NEARLY EXPIRED",""))) | R52: 30 | S52: =+inbound_data[[#This Row],[In Quantity]]*10.4 -> 312 | T52: =IF(ISBLANK(R52),0,R52-SUMIF(STOCK_CODE_OUT,$C52,QTY_OUT)) -> 0 | U52: =IF(ISBLANK(S52),0,S52-SUMIF(STOCK_CODE_OUT,$C52,KILOS_OUT)) -> 0 | V52: =IF(ISBLANK(K52),0,K52-SUMIF(STOCK_CODE_OUT,$C52,PALLET_OUT)) -> 0 | W52: BXS | X52: ANNEX | Y52: JAYSON | AG52: =IF(T52>0,CONCATENATE(AA52,AB52,TEXT(AC52,"R00"),TEXT(AD52,"L0."),TEXT(AE52,"0")),"")
A53: =IF(ISBLANK(inbound_data[[#This Row],[Receiving Report ref.'#]]),"",IF(inbound_data[[#This Row],[Ending Quantity]]=0,"ZERO","INV")) -> ZERO | B53: =IF(ISBLANK(D53),"",TEXT(ROW(),"00000")) -> 00053 | C53: =IF(ISBLANK(D53),"",inbound_data[[#This Row],[Pallet_Series]]&inbound_data[[#This Row],[No.]]) -> DUO-00044A/155600053 | D53: 45988 | E53: RECEIVING | F53: 109569 | G53: DUO POWER | H53: CCK-8785 | I53: 83318 | J53: DUO-00044A/1556 | K53: 1 | L53: PORK ASADO SIOPAO 1.3KG (CHIBAO) | M53: LOCAL TRANSFER | N53: 45986 | O53: 46533 | P53: =IF(A53="ZERO","",IF(O53="","",O53-TODAY())) | Q53: =IF(A53="ZERO","",IF(P53<0,"ALREADY EXPIRED",IF(P53<60,"NEARLY EXPIRED",""))) | R53: 30 | S53: =+inbound_data[[#This Row],[In Quantity]]*10.4 -> 312 | T53: =IF(ISBLANK(R53),0,R53-SUMIF(STOCK_CODE_OUT,$C53,QTY_OUT)) -> 0 | U53: =IF(ISBLANK(S53),0,S53-SUMIF(STOCK_CODE_OUT,$C53,KILOS_OUT)) -> 0 | V53: =IF(ISBLANK(K53),0,K53-SUMIF(STOCK_CODE_OUT,$C53,PALLET_OUT)) -> 0 | W53: BXS | X53: ANNEX | Y53: JAYSON | AA53: 4 | AB53: C | AC53: 8 | AD53: 6 | AE53: 1 | AG53: =IF(T53>0,CONCATENATE(AA53,AB53,TEXT(AC53,"R00"),TEXT(AD53,"L0."),TEXT(AE53,"0")),"")
A54: =IF(ISBLANK(inbound_data[[#This Row],[Receiving Report ref.'#]]),"",IF(inbound_data[[#This Row],[Ending Quantity]]=0,"ZERO","INV")) -> ZERO | B54: =IF(ISBLANK(D54),"",TEXT(ROW(),"00000")) -> 00054 | C54: =IF(ISBLANK(D54),"",inbound_data[[#This Row],[Pallet_Series]]&inbound_data[[#This Row],[No.]]) -> DUO-00045A/414700054 | D54: 45988 | E54: RECEIVING | F54: 109569 | G54: DUO POWER | H54: CCK-8785 | I54: 83318 | J54: DUO-00045A/4147 | K54: 1 | L54: PORK ASADO SIOPAO 1.3KG (CHIBAO) | M54: LOCAL TRANSFER | N54: 45986 | O54: 46533 | P54: =IF(A54="ZERO","",IF(O54="","",O54-TODAY())) | Q54: =IF(A54="ZERO","",IF(P54<0,"ALREADY EXPIRED",IF(P54<60,"NEARLY EXPIRED",""))) | R54: 30 | S54: =+inbound_data[[#This Row],[In Quantity]]*10.4 -> 312 | T54: =IF(ISBLANK(R54),0,R54-SUMIF(STOCK_CODE_OUT,$C54,QTY_OUT)) -> 0 | U54: =IF(ISBLANK(S54),0,S54-SUMIF(STOCK_CODE_OUT,$C54,KILOS_OUT)) -> 0 | V54: =IF(ISBLANK(K54),0,K54-SUMIF(STOCK_CODE_OUT,$C54,PALLET_OUT)) -> 0 | W54: BXS | X54: ANNEX | Y54: JAYSON | AA54: 4 | AB54: C | AC54: 5 | AD54: 3 | AE54: 1 | AG54: =IF(T54>0,CONCATENATE(AA54,AB54,TEXT(AC54,"R00"),TEXT(AD54,"L0."),TEXT(AE54,"0")),"")
A55: =IF(ISBLANK(inbound_data[[#This Row],[Receiving Report ref.'#]]),"",IF(inbound_data[[#This Row],[Ending Quantity]]=0,"ZERO","INV")) -> ZERO | B55: =IF(ISBLANK(D55),"",TEXT(ROW(),"00000")) -> 00055 | C55: =IF(ISBLANK(D55),"",inbound_data[[#This Row],[Pallet_Series]]&inbound_data[[#This Row],[No.]]) -> DUO-00046A/141000055 | D55: 45988 | E55: RECEIVING | F55: 109569 | G55: DUO POWER | H55: CCK-8785 | I55: 83318 | J55: DUO-00046A/1410 | K55: 1 | L55: PORK ASADO SIOPAO 1.3KG (CHIBAO) | M55: LOCAL TRANSFER | N55: 45986 | O55: 46533 | P55: =IF(A55="ZERO","",IF(O55="","",O55-TODAY())) | Q55: =IF(A55="ZERO","",IF(P55<0,"ALREADY EXPIRED",IF(P55<60,"NEARLY EXPIRED",""))) | R55: 30 | S55: =+inbound_data[[#This Row],[In Quantity]]*10.4 -> 312 | T55: =IF(ISBLANK(R55),0,R55-SUMIF(STOCK_CODE_OUT,$C55,QTY_OUT)) -> 0 | U55: =IF(ISBLANK(S55),0,S55-SUMIF(STOCK_CODE_OUT,$C55,KILOS_OUT)) -> 0 | V55: =IF(ISBLANK(K55),0,K55-SUMIF(STOCK_CODE_OUT,$C55,PALLET_OUT)) -> 0 | W55: BXS | X55: ANNEX | Y55: JAYSON | AA55: 4 | AB55: D | AC55: 2 | AD55: 6 | AE55: 2 | AG55: =IF(T55>0,CONCATENATE(AA55,AB55,TEXT(AC55,"R00"),TEXT(AD55,"L0."),TEXT(AE55,"0")),"")
A56: =IF(ISBLANK(inbound_data[[#This Row],[Receiving Report ref.'#]]),"",IF(inbound_data[[#This Row],[Ending Quantity]]=0,"ZERO","INV")) -> ZERO | B56: =IF(ISBLANK(D56),"",TEXT(ROW(),"00000")) -> 00056 | C56: =IF(ISBLANK(D56),"",inbound_data[[#This Row],[Pallet_Series]]&inbound_data[[#This Row],[No.]]) -> DUO-00047A/578400056 | D56: 45988 | E56: RECEIVING | F56: 109569 | G56: DUO POWER | H56: CCK-8785 | I56: 83318 | J56: DUO-00047A/5784 | K56: 1 | L56: PORK ASADO SIOPAO 1.3KG (CHIBAO) | M56: LOCAL TRANSFER | N56: 45986 | O56: 46533 | P56: =IF(A56="ZERO","",IF(O56="","",O56-TODAY())) | Q56: =IF(A56="ZERO","",IF(P56<0,"ALREADY EXPIRED",IF(P56<60,"NEARLY EXPIRED",""))) | R56: 30 | S56: =+inbound_data[[#This Row],[In Quantity]]*10.4 -> 312 | T56: =IF(ISBLANK(R56),0,R56-SUMIF(STOCK_CODE_OUT,$C56,QTY_OUT)) -> 0 | U56: =IF(ISBLANK(S56),0,S56-SUMIF(STOCK_CODE_OUT,$C56,KILOS_OUT)) -> 0 | V56: =IF(ISBLANK(K56),0,K56-SUMIF(STOCK_CODE_OUT,$C56,PALLET_OUT)) -> 0 | W56: BXS | X56: ANNEX | Y56: JAYSON | AA56: 4 | AB56: C | AC56: 4 | AD56: 5 | AE56: 1 | AG56: =IF(T56>0,CONCATENATE(AA56,AB56,TEXT(AC56,"R00"),TEXT(AD56,"L0."),TEXT(AE56,"0")),"")
A57: =IF(ISBLANK(inbound_data[[#This Row],[Receiving Report ref.'#]]),"",IF(inbound_data[[#This Row],[Ending Quantity]]=0,"ZERO","INV")) -> ZERO | B57: =IF(ISBLANK(D57),"",TEXT(ROW(),"00000")) -> 00057 | C57: =IF(ISBLANK(D57),"",inbound_data[[#This Row],[Pallet_Series]]&inbound_data[[#This Row],[No.]]) -> DUO-00048A/881800057 | D57: 45988 | E57: RECEIVING | F57: 109569 | G57: DUO POWER | H57: CCK-8785 | I57: 83318 | J57: DUO-00048A/8818 | K57: 1 | L57: PORK ASADO SIOPAO 1.3KG (CHIBAO) | M57: LOCAL TRANSFER | N57: 45986 | O57: 46533 | P57: =IF(A57="ZERO","",IF(O57="","",O57-TODAY())) | Q57: =IF(A57="ZERO","",IF(P57<0,"ALREADY EXPIRED",IF(P57<60,"NEARLY EXPIRED",""))) | R57: 30 | S57: =+inbound_data[[#This Row],[In Quantity]]*10.4 -> 312 | T57: =IF(ISBLANK(R57),0,R57-SUMIF(STOCK_CODE_OUT,$C57,QTY_OUT)) -> 0 | U57: =IF(ISBLANK(S57),0,S57-SUMIF(STOCK_CODE_OUT,$C57,KILOS_OUT)) -> 0 | V57: =IF(ISBLANK(K57),0,K57-SUMIF(STOCK_CODE_OUT,$C57,PALLET_OUT)) -> 0 | W57: BXS | X57: ANNEX | Y57: JAYSON | AA57: 4 | AB57: C | AC57: 6 | AD57: 3 | AE57: 1 | AG57: =IF(T57>0,CONCATENATE(AA57,AB57,TEXT(AC57,"R00"),TEXT(AD57,"L0."),TEXT(AE57,"0")),"")
A58: =IF(ISBLANK(inbound_data[[#This Row],[Receiving Report ref.'#]]),"",IF(inbound_data[[#This Row],[Ending Quantity]]=0,"ZERO","INV")) -> ZERO | B58: =IF(ISBLANK(D58),"",TEXT(ROW(),"00000")) -> 00058 | C58: =IF(ISBLANK(D58),"",inbound_data[[#This Row],[Pallet_Series]]&inbound_data[[#This Row],[No.]]) -> DUO-00049A/93300058 | D58: 45988 | E58: RECEIVING | F58: 109569 | G58: DUO POWER | H58: CCK-8785 | I58: 83318 | J58: DUO-00049A/933 | K58: 1 | L58: PORK ASADO SIOPAO 1.3KG (CHIBAO) | M58: LOCAL TRANSFER | N58: 45986 | O58: 46533 | P58: =IF(A58="ZERO","",IF(O58="","",O58-TODAY())) | Q58: =IF(A58="ZERO","",IF(P58<0,"ALREADY EXPIRED",IF(P58<60,"NEARLY EXPIRED",""))) | R58: 30 | S58: =+inbound_data[[#This Row],[In Quantity]]*10.4 -> 312 | T58: =IF(ISBLANK(R58),0,R58-SUMIF(STOCK_CODE_OUT,$C58,QTY_OUT)) -> 0 | U58: =IF(ISBLANK(S58),0,S58-SUMIF(STOCK_CODE_OUT,$C58,KILOS_OUT)) -> 0 | V58: =IF(ISBLANK(K58),0,K58-SUMIF(STOCK_CODE_OUT,$C58,PALLET_OUT)) -> 0 | W58: BXS | X58: ANNEX | Y58: JAYSON | AA58: 4 | AB58: C | AC58: 4 | AD58: 5 | AE58: 2 | AG58: =IF(T58>0,CONCATENATE(AA58,AB58,TEXT(AC58,"R00"),TEXT(AD58,"L0."),TEXT(AE58,"0")),"")
A59: =IF(ISBLANK(inbound_data[[#This Row],[Receiving Report ref.'#]]),"",IF(inbound_data[[#This Row],[Ending Quantity]]=0,"ZERO","INV")) -> ZERO | B59: =IF(ISBLANK(D59),"",TEXT(ROW(),"00000")) -> 00059 | C59: =IF(ISBLANK(D59),"",inbound_data[[#This Row],[Pallet_Series]]&inbound_data[[#This Row],[No.]]) -> DUO-00050A/NP00059 | D59: 46000 | E59: RECEIVING | F59: 110866 | G59: BULACAN | H59: NGN-7085 | I59: 86353 | J59: DUO-00050A/NP | K59: 1 | L59: PORK ASADO SIOPAO 1.3KG (CHIBAO) | M59: LOCAL TRANSFER | N59: 45992 | O59: 46539 | P59: =IF(A59="ZERO","",IF(O59="","",O59-TODAY())) | Q59: =IF(A59="ZERO","",IF(P59<0,"ALREADY EXPIRED",IF(P59<60,"NEARLY EXPIRED",""))) | R59: 30 | S59: 312 | T59: =IF(ISBLANK(R59),0,R59-SUMIF(STOCK_CODE_OUT,$C59,QTY_OUT)) -> 0 | U59: =IF(ISBLANK(S59),0,S59-SUMIF(STOCK_CODE_OUT,$C59,KILOS_OUT)) -> 0 | V59: =IF(ISBLANK(K59),0,K59-SUMIF(STOCK_CODE_OUT,$C59,PALLET_OUT)) -> 0 | W59: BXS | X59: ANNEX | Y59: IMEE | AG59: =IF(T59>0,CONCATENATE(AA59,AB59,TEXT(AC59,"R00"),TEXT(AD59,"L0."),TEXT(AE59,"0")),"")
A60: =IF(ISBLANK(inbound_data[[#This Row],[Receiving Report ref.'#]]),"",IF(inbound_data[[#This Row],[Ending Quantity]]=0,"ZERO","INV")) -> ZERO | B60: =IF(ISBLANK(D60),"",TEXT(ROW(),"00000")) -> 00060 | C60: =IF(ISBLANK(D60),"",inbound_data[[#This Row],[Pallet_Series]]&inbound_data[[#This Row],[No.]]) -> DUO-00051A/857400060 | D60: 46000 | E60: RECEIVING | F60: 110866 | G60: BULACAN | H60: NGN-7085 | I60: 86353 | J60: DUO-00051A/8574 | K60: 1 | L60: PORK ASADO SIOPAO 1.3KG (CHIBAO) | M60: LOCAL TRANSFER | N60: 45992 | O60: 46539 | P60: =IF(A60="ZERO","",IF(O60="","",O60-TODAY())) | Q60: =IF(A60="ZERO","",IF(P60<0,"ALREADY EXPIRED",IF(P60<60,"NEARLY EXPIRED",""))) | R60: 30 | S60: 312 | T60: =IF(ISBLANK(R60),0,R60-SUMIF(STOCK_CODE_OUT,$C60,QTY_OUT)) -> 0 | U60: =IF(ISBLANK(S60),0,S60-SUMIF(STOCK_CODE_OUT,$C60,KILOS_OUT)) -> 0 | V60: =IF(ISBLANK(K60),0,K60-SUMIF(STOCK_CODE_OUT,$C60,PALLET_OUT)) -> 0 | W60: BXS | X60: ANNEX | Y60: IMEE | AG60: =IF(T60>0,CONCATENATE(AA60,AB60,TEXT(AC60,"R00"),TEXT(AD60,"L0."),TEXT(AE60,"0")),"")
A61: =IF(ISBLANK(inbound_data[[#This Row],[Receiving Report ref.'#]]),"",IF(inbound_data[[#This Row],[Ending Quantity]]=0,"ZERO","INV")) -> ZERO | B61: =IF(ISBLANK(D61),"",TEXT(ROW(),"00000")) -> 00061 | C61: =IF(ISBLANK(D61),"",inbound_data[[#This Row],[Pallet_Series]]&inbound_data[[#This Row],[No.]]) -> DUO-00052A/171100061 | D61: 46000 | E61: RECEIVING | F61: 110866 | G61: BULACAN | H61: NGN-7085 | I61: 86353 | J61: DUO-00052A/1711 | K61: 1 | L61: PORK ASADO SIOPAO 1.3KG (CHIBAO) | M61: LOCAL TRANSFER | N61: 45992 | O61: 46539 | P61: =IF(A61="ZERO","",IF(O61="","",O61-TODAY())) | Q61: =IF(A61="ZERO","",IF(P61<0,"ALREADY EXPIRED",IF(P61<60,"NEARLY EXPIRED",""))) | R61: 30 | S61: 312 | T61: =IF(ISBLANK(R61),0,R61-SUMIF(STOCK_CODE_OUT,$C61,QTY_OUT)) -> 0 | U61: =IF(ISBLANK(S61),0,S61-SUMIF(STOCK_CODE_OUT,$C61,KILOS_OUT)) -> 0 | V61: =IF(ISBLANK(K61),0,K61-SUMIF(STOCK_CODE_OUT,$C61,PALLET_OUT)) -> 0 | W61: BXS | X61: ANNEX | Y61: IMEE | AG61: =IF(T61>0,CONCATENATE(AA61,AB61,TEXT(AC61,"R00"),TEXT(AD61,"L0."),TEXT(AE61,"0")),"")
A62: =IF(ISBLANK(inbound_data[[#This Row],[Receiving Report ref.'#]]),"",IF(inbound_data[[#This Row],[Ending Quantity]]=0,"ZERO","INV")) -> ZERO | B62: =IF(ISBLANK(D62),"",TEXT(ROW(),"00000")) -> 00062 | C62: =IF(ISBLANK(D62),"",inbound_data[[#This Row],[Pallet_Series]]&inbound_data[[#This Row],[No.]]) -> DUO-00053A/490100062 | D62: 46000 | E62: RECEIVING | F62: 110866 | G62: BULACAN | H62: NGN-7085 | I62: 86353 | J62: DUO-00053A/4901 | K62: 1 | L62: PORK ASADO SIOPAO 1.3KG (CHIBAO) | M62: LOCAL TRANSFER | N62: 45992 | O62: 46539 | P62: =IF(A62="ZERO","",IF(O62="","",O62-TODAY())) | Q62: =IF(A62="ZERO","",IF(P62<0,"ALREADY EXPIRED",IF(P62<60,"NEARLY EXPIRED",""))) | R62: 30 | S62: 312 | T62: =IF(ISBLANK(R62),0,R62-SUMIF(STOCK_CODE_OUT,$C62,QTY_OUT)) -> 0 | U62: =IF(ISBLANK(S62),0,S62-SUMIF(STOCK_CODE_OUT,$C62,KILOS_OUT)) -> 0 | V62: =IF(ISBLANK(K62),0,K62-SUMIF(STOCK_CODE_OUT,$C62,PALLET_OUT)) -> 0 | W62: BXS | X62: ANNEX | Y62: IMEE | AG62: =IF(T62>0,CONCATENATE(AA62,AB62,TEXT(AC62,"R00"),TEXT(AD62,"L0."),TEXT(AE62,"0")),"")
A63: =IF(ISBLANK(inbound_data[[#This Row],[Receiving Report ref.'#]]),"",IF(inbound_data[[#This Row],[Ending Quantity]]=0,"ZERO","INV")) -> ZERO | B63: =IF(ISBLANK(D63),"",TEXT(ROW(),"00000")) -> 00063 | C63: =IF(ISBLANK(D63),"",inbound_data[[#This Row],[Pallet_Series]]&inbound_data[[#This Row],[No.]]) -> DUO-00054A/528400063 | D63: 46000 | E63: RECEIVING | F63: 110866 | G63: BULACAN | H63: NGN-7085 | I63: 86353 | J63: DUO-00054A/5284 | K63: 1 | L63: PORK ASADO SIOPAO 1.3KG (CHIBAO) | M63: LOCAL TRANSFER | N63: 45992 | O63: 46539 | P63: =IF(A63="ZERO","",IF(O63="","",O63-TODAY())) | Q63: =IF(A63="ZERO","",IF(P63<0,"ALREADY EXPIRED",IF(P63<60,"NEARLY EXPIRED",""))) | R63: 30 | S63: 312 | T63: =IF(ISBLANK(R63),0,R63-SUMIF(STOCK_CODE_OUT,$C63,QTY_OUT)) -> 0 | U63: =IF(ISBLANK(S63),0,S63-SUMIF(STOCK_CODE_OUT,$C63,KILOS_OUT)) -> 0 | V63: =IF(ISBLANK(K63),0,K63-SUMIF(STOCK_CODE_OUT,$C63,PALLET_OUT)) -> 0 | W63: BXS | X63: ANNEX | Y63: IMEE | AG63: =IF(T63>0,CONCATENATE(AA63,AB63,TEXT(AC63,"R00"),TEXT(AD63,"L0."),TEXT(AE63,"0")),"")
A64: =IF(ISBLANK(inbound_data[[#This Row],[Receiving Report ref.'#]]),"",IF(inbound_data[[#This Row],[Ending Quantity]]=0,"ZERO","INV")) -> ZERO | B64: =IF(ISBLANK(D64),"",TEXT(ROW(),"00000")) -> 00064 | C64: =IF(ISBLANK(D64),"",inbound_data[[#This Row],[Pallet_Series]]&inbound_data[[#This Row],[No.]]) -> DUO-00055A/49600064 | D64: 46000 | E64: RECEIVING | F64: 110866 | G64: BULACAN | H64: NGN-7085 | I64: 86353 | J64: DUO-00055A/496 | K64: 1 | L64: PORK ASADO SIOPAO 1.3KG (CHIBAO) | M64: LOCAL TRANSFER | N64: 45992 | O64: 46539 | P64: =IF(A64="ZERO","",IF(O64="","",O64-TODAY())) | Q64: =IF(A64="ZERO","",IF(P64<0,"ALREADY EXPIRED",IF(P64<60,"NEARLY EXPIRED",""))) | R64: 30 | S64: 312 | T64: =IF(ISBLANK(R64),0,R64-SUMIF(STOCK_CODE_OUT,$C64,QTY_OUT)) -> 0 | U64: =IF(ISBLANK(S64),0,S64-SUMIF(STOCK_CODE_OUT,$C64,KILOS_OUT)) -> 0 | V64: =IF(ISBLANK(K64),0,K64-SUMIF(STOCK_CODE_OUT,$C64,PALLET_OUT)) -> 0 | W64: BXS | X64: ANNEX | Y64: IMEE | AG64: =IF(T64>0,CONCATENATE(AA64,AB64,TEXT(AC64,"R00"),TEXT(AD64,"L0."),TEXT(AE64,"0")),"")
A65: =IF(ISBLANK(inbound_data[[#This Row],[Receiving Report ref.'#]]),"",IF(inbound_data[[#This Row],[Ending Quantity]]=0,"ZERO","INV")) -> ZERO | B65: =IF(ISBLANK(D65),"",TEXT(ROW(),"00000")) -> 00065 | C65: =IF(ISBLANK(D65),"",inbound_data[[#This Row],[Pallet_Series]]&inbound_data[[#This Row],[No.]]) -> DUO-00056A/459200065 | D65: 46002 | E65: RECEIVING | F65: 111906 | G65: BULACAN | H65: CCK-8782 | I65: 86465 | J65: DUO-00056A/4592 | K65: 1 | L65: PORK ASADO SIOPAO 1.3KG (CHIBAO) | M65: LOCAL TRANSFER | N65: 45992 | O65: 46539 | P65: =IF(A65="ZERO","",IF(O65="","",O65-TODAY())) | Q65: =IF(A65="ZERO","",IF(P65<0,"ALREADY EXPIRED",IF(P65<60,"NEARLY EXPIRED",""))) | R65: 30 | S65: 312 | T65: =IF(ISBLANK(R65),0,R65-SUMIF(STOCK_CODE_OUT,$C65,QTY_OUT)) -> 0 | U65: =IF(ISBLANK(S65),0,S65-SUMIF(STOCK_CODE_OUT,$C65,KILOS_OUT)) -> 0 | V65: =IF(ISBLANK(K65),0,K65-SUMIF(STOCK_CODE_OUT,$C65,PALLET_OUT)) -> 0 | W65: BXS | X65: ANNEX | Y65: IMEE | AG65: =IF(T65>0,CONCATENATE(AA65,AB65,TEXT(AC65,"R00"),TEXT(AD65,"L0."),TEXT(AE65,"0")),"")
A66: =IF(ISBLANK(inbound_data[[#This Row],[Receiving Report ref.'#]]),"",IF(inbound_data[[#This Row],[Ending Quantity]]=0,"ZERO","INV")) -> ZERO | B66: =IF(ISBLANK(D66),"",TEXT(ROW(),"00000")) -> 00066 | C66: =IF(ISBLANK(D66),"",inbound_data[[#This Row],[Pallet_Series]]&inbound_data[[#This Row],[No.]]) -> DUO-00057A/NP00066 | D66: 46002 | E66: RECEIVING | F66: 111906 | G66: BULACAN | H66: CCK-8782 | I66: 86465 | J66: DUO-00057A/NP | K66: 1 | L66: PORK ASADO SIOPAO 1.3KG (CHIBAO) | M66: LOCAL TRANSFER | N66: 45992 | O66: 46539 | P66: =IF(A66="ZERO","",IF(O66="","",O66-TODAY())) | Q66: =IF(A66="ZERO","",IF(P66<0,"ALREADY EXPIRED",IF(P66<60,"NEARLY EXPIRED",""))) | R66: 30 | S66: 312 | T66: =IF(ISBLANK(R66),0,R66-SUMIF(STOCK_CODE_OUT,$C66,QTY_OUT)) -> 0 | U66: =IF(ISBLANK(S66),0,S66-SUMIF(STOCK_CODE_OUT,$C66,KILOS_OUT)) -> 0 | V66: =IF(ISBLANK(K66),0,K66-SUMIF(STOCK_CODE_OUT,$C66,PALLET_OUT)) -> 0 | W66: BXS | X66: ANNEX | Y66: IMEE | AG66: =IF(T66>0,CONCATENATE(AA66,AB66,TEXT(AC66,"R00"),TEXT(AD66,"L0."),TEXT(AE66,"0")),"")
A67: =IF(ISBLANK(inbound_data[[#This Row],[Receiving Report ref.'#]]),"",IF(inbound_data[[#This Row],[Ending Quantity]]=0,"ZERO","INV")) -> ZERO | B67: =IF(ISBLANK(D67),"",TEXT(ROW(),"00000")) -> 00067 | C67: =IF(ISBLANK(D67),"",inbound_data[[#This Row],[Pallet_Series]]&inbound_data[[#This Row],[No.]]) -> DUO-00058A/00600067 | D67: 46002 | E67: RECEIVING | F67: 111906 | G67: BULACAN | H67: CCK-8782 | I67: 86465 | J67: DUO-00058A/006 | K67: 1 | L67: PORK ASADO SIOPAO 1.3KG (CHIBAO) | M67: LOCAL TRANSFER | N67: 45992 | O67: 46539 | P67: =IF(A67="ZERO","",IF(O67="","",O67-TODAY())) | Q67: =IF(A67="ZERO","",IF(P67<0,"ALREADY EXPIRED",IF(P67<60,"NEARLY EXPIRED",""))) | R67: 30 | S67: 312 | T67: =IF(ISBLANK(R67),0,R67-SUMIF(STOCK_CODE_OUT,$C67,QTY_OUT)) -> 0 | U67: =IF(ISBLANK(S67),0,S67-SUMIF(STOCK_CODE_OUT,$C67,KILOS_OUT)) -> 0 | V67: =IF(ISBLANK(K67),0,K67-SUMIF(STOCK_CODE_OUT,$C67,PALLET_OUT)) -> 0 | W67: BXS | X67: ANNEX | Y67: IMEE | AG67: =IF(T67>0,CONCATENATE(AA67,AB67,TEXT(AC67,"R00"),TEXT(AD67,"L0."),TEXT(AE67,"0")),"")
A68: =IF(ISBLANK(inbound_data[[#This Row],[Receiving Report ref.'#]]),"",IF(inbound_data[[#This Row],[Ending Quantity]]=0,"ZERO","INV")) -> ZERO | B68: =IF(ISBLANK(D68),"",TEXT(ROW(),"00000")) -> 00068 | C68: =IF(ISBLANK(D68),"",inbound_data[[#This Row],[Pallet_Series]]&inbound_data[[#This Row],[No.]]) -> DUO-00059A/297300068 | D68: 46002 | E68: RECEIVING | F68: 111906 | G68: BULACAN | H68: CCK-8782 | I68: 86465 | J68: DUO-00059A/2973 | K68: 1 | L68: PORK ASADO SIOPAO 1.3KG (CHIBAO) | M68: LOCAL TRANSFER | N68: 45992 | O68: 46539 | P68: =IF(A68="ZERO","",IF(O68="","",O68-TODAY())) | Q68: =IF(A68="ZERO","",IF(P68<0,"ALREADY EXPIRED",IF(P68<60,"NEARLY EXPIRED",""))) | R68: 30 | S68: 312 | T68: =IF(ISBLANK(R68),0,R68-SUMIF(STOCK_CODE_OUT,$C68,QTY_OUT)) -> 0 | U68: =IF(ISBLANK(S68),0,S68-SUMIF(STOCK_CODE_OUT,$C68,KILOS_OUT)) -> 0 | V68: =IF(ISBLANK(K68),0,K68-SUMIF(STOCK_CODE_OUT,$C68,PALLET_OUT)) -> 0 | W68: BXS | X68: ANNEX | Y68: IMEE | AG68: =IF(T68>0,CONCATENATE(AA68,AB68,TEXT(AC68,"R00"),TEXT(AD68,"L0."),TEXT(AE68,"0")),"")
A69: =IF(ISBLANK(inbound_data[[#This Row],[Receiving Report ref.'#]]),"",IF(inbound_data[[#This Row],[Ending Quantity]]=0,"ZERO","INV")) -> ZERO | B69: =IF(ISBLANK(D69),"",TEXT(ROW(),"00000")) -> 00069 | C69: =IF(ISBLANK(D69),"",inbound_data[[#This Row],[Pallet_Series]]&inbound_data[[#This Row],[No.]]) -> DUO-00060A/4111500069 | D69: 46002 | E69: RECEIVING | F69: 111906 | G69: BULACAN | H69: CCK-8782 | I69: 86465 | J69: DUO-00060A/41115 | K69: 1 | L69: PORK ASADO SIOPAO 1.3KG (CHIBAO) | M69: LOCAL TRANSFER | N69: 45992 | O69: 46539 | P69: =IF(A69="ZERO","",IF(O69="","",O69-TODAY())) | Q69: =IF(A69="ZERO","",IF(P69<0,"ALREADY EXPIRED",IF(P69<60,"NEARLY EXPIRED",""))) | R69: 30 | S69: 312 | T69: =IF(ISBLANK(R69),0,R69-SUMIF(STOCK_CODE_OUT,$C69,QTY_OUT)) -> 0 | U69: =IF(ISBLANK(S69),0,S69-SUMIF(STOCK_CODE_OUT,$C69,KILOS_OUT)) -> 0 | V69: =IF(ISBLANK(K69),0,K69-SUMIF(STOCK_CODE_OUT,$C69,PALLET_OUT)) -> 0 | W69: BXS | X69: ANNEX | Y69: IMEE | AG69: =IF(T69>0,CONCATENATE(AA69,AB69,TEXT(AC69,"R00"),TEXT(AD69,"L0."),TEXT(AE69,"0")),"")
A70: =IF(ISBLANK(inbound_data[[#This Row],[Receiving Report ref.'#]]),"",IF(inbound_data[[#This Row],[Ending Quantity]]=0,"ZERO","INV")) -> ZERO | B70: =IF(ISBLANK(D70),"",TEXT(ROW(),"00000")) -> 00070 | C70: =IF(ISBLANK(D70),"",inbound_data[[#This Row],[Pallet_Series]]&inbound_data[[#This Row],[No.]]) -> DUO-00061A/425200070 | D70: 46002 | E70: RECEIVING | F70: 111906 | G70: BULACAN | H70: CCK-8782 | I70: 86465 | J70: DUO-00061A/4252 | K70: 1 | L70: PORK ASADO SIOPAO 1.3KG (CHIBAO) | M70: LOCAL TRANSFER | N70: 45992 | O70: 46539 | P70: =IF(A70="ZERO","",IF(O70="","",O70-TODAY())) | Q70: =IF(A70="ZERO","",IF(P70<0,"ALREADY EXPIRED",IF(P70<60,"NEARLY EXPIRED",""))) | R70: 30 | S70: 312 | T70: =IF(ISBLANK(R70),0,R70-SUMIF(STOCK_CODE_OUT,$C70,QTY_OUT)) -> 0 | U70: =IF(ISBLANK(S70),0,S70-SUMIF(STOCK_CODE_OUT,$C70,KILOS_OUT)) -> 0 | V70: =IF(ISBLANK(K70),0,K70-SUMIF(STOCK_CODE_OUT,$C70,PALLET_OUT)) -> 0 | W70: BXS | X70: ANNEX | Y70: IMEE | AG70: =IF(T70>0,CONCATENATE(AA70,AB70,TEXT(AC70,"R00"),TEXT(AD70,"L0."),TEXT(AE70,"0")),"")
... A75: =IF(ISBLANK(inbound_data[[#This Row],[Receiving Report ref.'#]]),"",IF(inbound_data[[#This Row],[Ending Quantity]]=0,"ZERO","INV")) -> ZERO | B75: =IF(ISBLANK(D75),"",TEXT(ROW(),"00000")) -> 00075 | C75: =IF(ISBLANK(D75),"",inbound_data[[#This Row],[Pallet_Series]]&inbound_data[[#This Row],[No.]]) -> DUO-00066A/143400075 | D75: 46002 | E75: RECEIVING | F75: 111906 | G75: BULACAN | H75: CCK-8782 | I75: 86465 | J75: DUO-00066A/1434 | K75: 1 | L75: PORK ASADO SIOPAO 1.3KG (CHIBAO) | M75: LOCAL TRANSFER | N75: 45992 | O75: 46539 | P75: =IF(A75="ZERO","",IF(O75="","",O75-TODAY())) | Q75: =IF(A75="ZERO","",IF(P75<0,"ALREADY EXPIRED",IF(P75<60,"NEARLY EXPIRED",""))) | R75: 30 | S75: 312 | T75: =IF(ISBLANK(R75),0,R75-SUMIF(STOCK_CODE_OUT,$C75,QTY_OUT)) -> 0 | U75: =IF(ISBLANK(S75),0,S75-SUMIF(STOCK_CODE_OUT,$C75,KILOS_OUT)) -> 0 | V75: =IF(ISBLANK(K75),0,K75-SUMIF(STOCK_CODE_OUT,$C75,PALLET_OUT)) -> 0 | W75: BXS | X75: ANNEX | Y75: IMEE | AG75: =IF(T75>0,CONCATENATE(AA75,AB75,TEXT(AC75,"R00"),TEXT(AD75,"L0."),TEXT(AE75,"0")),"")
A76: =IF(ISBLANK(inbound_data[[#This Row],[Receiving Report ref.'#]]),"",IF(inbound_data[[#This Row],[Ending Quantity]]=0,"ZERO","INV")) -> ZERO | B76: =IF(ISBLANK(D76),"",TEXT(ROW(),"00000")) -> 00076 | C76: =IF(ISBLANK(D76),"",inbound_data[[#This Row],[Pallet_Series]]&inbound_data[[#This Row],[No.]]) -> DUO-00067A/641600076 | D76: 46002 | E76: RECEIVING | F76: 111906 | G76: BULACAN | H76: CCK-8782 | I76: 86465 | J76: DUO-00067A/6416 | K76: 1 | L76: PORK ASADO SIOPAO 1.3KG (CHIBAO) | M76: LOCAL TRANSFER | N76: 45992 | O76: 46539 | P76: =IF(A76="ZERO","",IF(O76="","",O76-TODAY())) | Q76: =IF(A76="ZERO","",IF(P76<0,"ALREADY EXPIRED",IF(P76<60,"NEARLY EXPIRED",""))) | R76: 25 | S76: =+inbound_data[[#This Row],[In Quantity]]*10.4 -> 260 | T76: =IF(ISBLANK(R76),0,R76-SUMIF(STOCK_CODE_OUT,$C76,QTY_OUT)) -> 0 | U76: =IF(ISBLANK(S76),0,S76-SUMIF(STOCK_CODE_OUT,$C76,KILOS_OUT)) -> 0 | V76: =IF(ISBLANK(K76),0,K76-SUMIF(STOCK_CODE_OUT,$C76,PALLET_OUT)) -> 0 | W76: BXS | X76: ANNEX | Y76: IMEE | AG76: =IF(T76>0,CONCATENATE(AA76,AB76,TEXT(AC76,"R00"),TEXT(AD76,"L0."),TEXT(AE76,"0")),"")
A77: =IF(ISBLANK(inbound_data[[#This Row],[Receiving Report ref.'#]]),"",IF(inbound_data[[#This Row],[Ending Quantity]]=0,"ZERO","INV")) -> ZERO | B77: =IF(ISBLANK(D77),"",TEXT(ROW(),"00000")) -> 00077 | C77: =IF(ISBLANK(D77),"",inbound_data[[#This Row],[Pallet_Series]]&inbound_data[[#This Row],[No.]]) -> DUO-00068A/766200077 | D77: 46014 | E77: RECEIVING | F77: 112725 | G77: BULACAN | H77: CBA-2865 | I77: 87426 | J77: DUO-00068A/7662 | K77: 1 | L77: SHRIMP SIOMAI 500G (APRUB) | M77: LOCAL TRANSFER | N77: 45992 | O77: 46539 | P77: =IF(A77="ZERO","",IF(O77="","",O77-TODAY())) | Q77: =IF(A77="ZERO","",IF(P77<0,"ALREADY EXPIRED",IF(P77<60,"NEARLY EXPIRED",""))) | R77: 77 | S77: =77*6 -> 462 | T77: =IF(ISBLANK(R77),0,R77-SUMIF(STOCK_CODE_OUT,$C77,QTY_OUT)) -> 0 | U77: =IF(ISBLANK(S77),0,S77-SUMIF(STOCK_CODE_OUT,$C77,KILOS_OUT)) -> 0 | V77: =IF(ISBLANK(K77),0,K77-SUMIF(STOCK_CODE_OUT,$C77,PALLET_OUT)) -> 0 | W77: BXS | X77: ANNEX | Y77: LAINE | AG77: =IF(T77>0,CONCATENATE(AA77,AB77,TEXT(AC77,"R00"),TEXT(AD77,"L0."),TEXT(AE77,"0")),"")
A78: =IF(ISBLANK(inbound_data[[#This Row],[Receiving Report ref.'#]]),"",IF(inbound_data[[#This Row],[Ending Quantity]]=0,"ZERO","INV")) -> ZERO | B78: =IF(ISBLANK(D78),"",TEXT(ROW(),"00000")) -> 00078 | C78: =IF(ISBLANK(D78),"",inbound_data[[#This Row],[Pallet_Series]]&inbound_data[[#This Row],[No.]]) -> DUO-00069A/726900078 | D78: 46014 | E78: RECEIVING | F78: 112725 | G78: BULACAN | H78: CBA-2865 | I78: 87426 | J78: DUO-00069A/7269 | K78: 1 | L78: SHRIMP SIOMAI 500G (APRUB) | M78: LOCAL TRANSFER | N78: 45992 | O78: 46539 | P78: =IF(A78="ZERO","",IF(O78="","",O78-TODAY())) | Q78: =IF(A78="ZERO","",IF(P78<0,"ALREADY EXPIRED",IF(P78<60,"NEARLY EXPIRED",""))) | R78: 77 | S78: =77*6 -> 462 | T78: =IF(ISBLANK(R78),0,R78-SUMIF(STOCK_CODE_OUT,$C78,QTY_OUT)) -> 0 | U78: =IF(ISBLANK(S78),0,S78-SUMIF(STOCK_CODE_OUT,$C78,KILOS_OUT)) -> 0 | V78: =IF(ISBLANK(K78),0,K78-SUMIF(STOCK_CODE_OUT,$C78,PALLET_OUT)) -> 0 | W78: BXS | X78: ANNEX | Y78: LAINE | AG78: =IF(T78>0,CONCATENATE(AA78,AB78,TEXT(AC78,"R00"),TEXT(AD78,"L0."),TEXT(AE78,"0")),"")
A79: =IF(ISBLANK(inbound_data[[#This Row],[Receiving Report ref.'#]]),"",IF(inbound_data[[#This Row],[Ending Quantity]]=0,"ZERO","INV")) -> ZERO | B79: =IF(ISBLANK(D79),"",TEXT(ROW(),"00000")) -> 00079 | C79: =IF(ISBLANK(D79),"",inbound_data[[#This Row],[Pallet_Series]]&inbound_data[[#This Row],[No.]]) -> DUO-00070A/478200079 | D79: 46014 | E79: RECEIVING | F79: 112725 | G79: BULACAN | H79: CBA-2865 | I79: 87426 | J79: DUO-00070A/4782 | K79: 1 | L79: SHRIMP SIOMAI 500G (APRUB) | M79: LOCAL TRANSFER | N79: 45992 | O79: 46539 | P79: =IF(A79="ZERO","",IF(O79="","",O79-TODAY())) | Q79: =IF(A79="ZERO","",IF(P79<0,"ALREADY EXPIRED",IF(P79<60,"NEARLY EXPIRED",""))) | R79: 77 | S79: =77*6 -> 462 | T79: =IF(ISBLANK(R79),0,R79-SUMIF(STOCK_CODE_OUT,$C79,QTY_OUT)) -> 0 | U79: =IF(ISBLANK(S79),0,S79-SUMIF(STOCK_CODE_OUT,$C79,KILOS_OUT)) -> 0 | V79: =IF(ISBLANK(K79),0,K79-SUMIF(STOCK_CODE_OUT,$C79,PALLET_OUT)) -> 0 | W79: BXS | X79: ANNEX | Y79: LAINE | AG79: =IF(T79>0,CONCATENATE(AA79,AB79,TEXT(AC79,"R00"),TEXT(AD79,"L0."),TEXT(AE79,"0")),"")
A80: =IF(ISBLANK(inbound_data[[#This Row],[Receiving Report ref.'#]]),"",IF(inbound_data[[#This Row],[Ending Quantity]]=0,"ZERO","INV")) -> ZERO | B80: =IF(ISBLANK(D80),"",TEXT(ROW(),"00000")) -> 00080 | C80: =IF(ISBLANK(D80),"",inbound_data[[#This Row],[Pallet_Series]]&inbound_data[[#This Row],[No.]]) -> DUO-00071A/223000080 | D80: 46014 | E80: RECEIVING | F80: 112725 | G80: BULACAN | H80: CBA-2865 | I80: 87426 | J80: DUO-00071A/2230 | K80: 1 | L80: SHRIMP SIOMAI 500G (APRUB) | M80: LOCAL TRANSFER | N80: 45992 | O80: 46539 | P80: =IF(A80="ZERO","",IF(O80="","",O80-TODAY())) | Q80: =IF(A80="ZERO","",IF(P80<0,"ALREADY EXPIRED",IF(P80<60,"NEARLY EXPIRED",""))) | R80: 77 | S80: =77*6 -> 462 | T80: =IF(ISBLANK(R80),0,R80-SUMIF(STOCK_CODE_OUT,$C80,QTY_OUT)) -> 0 | U80: =IF(ISBLANK(S80),0,S80-SUMIF(STOCK_CODE_OUT,$C80,KILOS_OUT)) -> 0 | V80: =IF(ISBLANK(K80),0,K80-SUMIF(STOCK_CODE_OUT,$C80,PALLET_OUT)) -> 0 | W80: BXS | X80: ANNEX | Y80: LAINE | AG80: =IF(T80>0,CONCATENATE(AA80,AB80,TEXT(AC80,"R00"),TEXT(AD80,"L0."),TEXT(AE80,"0")),"")
A81: =IF(ISBLANK(inbound_data[[#This Row],[Receiving Report ref.'#]]),"",IF(inbound_data[[#This Row],[Ending Quantity]]=0,"ZERO","INV")) -> ZERO | B81: =IF(ISBLANK(D81),"",TEXT(ROW(),"00000")) -> 00081 | C81: =IF(ISBLANK(D81),"",inbound_data[[#This Row],[Pallet_Series]]&inbound_data[[#This Row],[No.]]) -> DUO-00072A/687400081 | D81: 46014 | E81: RECEIVING | F81: 112725 | G81: BULACAN | H81: CBA-2865 | I81: 87426 | J81: DUO-00072A/6874 | K81: 1 | L81: SHRIMP SIOMAI 500G (APRUB) | M81: LOCAL TRANSFER | N81: 45992 | O81: 46539 | P81: =IF(A81="ZERO","",IF(O81="","",O81-TODAY())) | Q81: =IF(A81="ZERO","",IF(P81<0,"ALREADY EXPIRED",IF(P81<60,"NEARLY EXPIRED",""))) | R81: 60 | S81: =60*6 -> 360 | T81: =IF(ISBLANK(R81),0,R81-SUMIF(STOCK_CODE_OUT,$C81,QTY_OUT)) -> 0 | U81: =IF(ISBLANK(S81),0,S81-SUMIF(STOCK_CODE_OUT,$C81,KILOS_OUT)) -> 0 | V81: =IF(ISBLANK(K81),0,K81-SUMIF(STOCK_CODE_OUT,$C81,PALLET_OUT)) -> 0 | W81: BXS | X81: ANNEX | Y81: LAINE | AG81: =IF(T81>0,CONCATENATE(AA81,AB81,TEXT(AC81,"R00"),TEXT(AD81,"L0."),TEXT(AE81,"0")),"")
A82: =IF(ISBLANK(inbound_data[[#This Row],[Receiving Report ref.'#]]),"",IF(inbound_data[[#This Row],[Ending Quantity]]=0,"ZERO","INV")) -> ZERO | B82: =IF(ISBLANK(D82),"",TEXT(ROW(),"00000")) -> 00082 | C82: =IF(ISBLANK(D82),"",inbound_data[[#This Row],[Pallet_Series]]&inbound_data[[#This Row],[No.]]) -> DUO-00073A/336900082 | D82: 46014 | E82: RECEIVING | F82: 112725 | G82: BULACAN | H82: CBA-2865 | I82: 87426 | J82: DUO-00073A/3369 | K82: 1 | L82: SHRIMP SIOMAI 500G (APRUB) | M82: LOCAL TRANSFER | N82: 45992 | O82: 46539 | P82: =IF(A82="ZERO","",IF(O82="","",O82-TODAY())) | Q82: =IF(A82="ZERO","",IF(P82<0,"ALREADY EXPIRED",IF(P82<60,"NEARLY EXPIRED",""))) | R82: 60 | S82: =60*6 -> 360 | T82: =IF(ISBLANK(R82),0,R82-SUMIF(STOCK_CODE_OUT,$C82,QTY_OUT)) -> 0 | U82: =IF(ISBLANK(S82),0,S82-SUMIF(STOCK_CODE_OUT,$C82,KILOS_OUT)) -> 0 | V82: =IF(ISBLANK(K82),0,K82-SUMIF(STOCK_CODE_OUT,$C82,PALLET_OUT)) -> 0 | W82: BXS | X82: ANNEX | Y82: LAINE | AG82: =IF(T82>0,CONCATENATE(AA82,AB82,TEXT(AC82,"R00"),TEXT(AD82,"L0."),TEXT(AE82,"0")),"")
A83: =IF(ISBLANK(inbound_data[[#This Row],[Receiving Report ref.'#]]),"",IF(inbound_data[[#This Row],[Ending Quantity]]=0,"ZERO","INV")) -> ZERO | B83: =IF(ISBLANK(D83),"",TEXT(ROW(),"00000")) -> 00083 | C83: =IF(ISBLANK(D83),"",inbound_data[[#This Row],[Pallet_Series]]&inbound_data[[#This Row],[No.]]) -> DUO-00074A/426800083 | D83: 46014 | E83: RECEIVING | F83: 112725 | G83: BULACAN | H83: CBA-2865 | I83: 87426 | J83: DUO-00074A/4268 | K83: 1 | L83: SHRIMP SIOMAI 500G (APRUB) | M83: LOCAL TRANSFER | N83: 45992 | O83: 46539 | P83: =IF(A83="ZERO","",IF(O83="","",O83-TODAY())) | Q83: =IF(A83="ZERO","",IF(P83<0,"ALREADY EXPIRED",IF(P83<60,"NEARLY EXPIRED",""))) | R83: 60 | S83: =60*6 -> 360 | T83: =IF(ISBLANK(R83),0,R83-SUMIF(STOCK_CODE_OUT,$C83,QTY_OUT)) -> 0 | U83: =IF(ISBLANK(S83),0,S83-SUMIF(STOCK_CODE_OUT,$C83,KILOS_OUT)) -> 0 | V83: =IF(ISBLANK(K83),0,K83-SUMIF(STOCK_CODE_OUT,$C83,PALLET_OUT)) -> 0 | W83: BXS | X83: ANNEX | Y83: LAINE | AG83: =IF(T83>0,CONCATENATE(AA83,AB83,TEXT(AC83,"R00"),TEXT(AD83,"L0."),TEXT(AE83,"0")),"")
A84: =IF(ISBLANK(inbound_data[[#This Row],[Receiving Report ref.'#]]),"",IF(inbound_data[[#This Row],[Ending Quantity]]=0,"ZERO","INV")) -> ZERO | B84: =IF(ISBLANK(D84),"",TEXT(ROW(),"00000")) -> 00084 | C84: =IF(ISBLANK(D84),"",inbound_data[[#This Row],[Pallet_Series]]&inbound_data[[#This Row],[No.]]) -> DUO-00075A/663600084 | D84: 46014 | E84: RECEIVING | F84: 112725 | G84: BULACAN | H84: CBA-2865 | I84: 87426 | J84: DUO-00075A/6636 | K84: 1 | L84: SHRIMP SIOMAI 500G (APRUB) | M84: LOCAL TRANSFER | N84: 45992 | O84: 46539 | P84: =IF(A84="ZERO","",IF(O84="","",O84-TODAY())) | Q84: =IF(A84="ZERO","",IF(P84<0,"ALREADY EXPIRED",IF(P84<60,"NEARLY EXPIRED",""))) | R84: 60 | S84: =60*6 -> 360 | T84: =IF(ISBLANK(R84),0,R84-SUMIF(STOCK_CODE_OUT,$C84,QTY_OUT)) -> 0 | U84: =IF(ISBLANK(S84),0,S84-SUMIF(STOCK_CODE_OUT,$C84,KILOS_OUT)) -> 0 | V84: =IF(ISBLANK(K84),0,K84-SUMIF(STOCK_CODE_OUT,$C84,PALLET_OUT)) -> 0 | W84: BXS | X84: ANNEX | Y84: LAINE | AG84: =IF(T84>0,CONCATENATE(AA84,AB84,TEXT(AC84,"R00"),TEXT(AD84,"L0."),TEXT(AE84,"0")),"")
A85: =IF(ISBLANK(inbound_data[[#This Row],[Receiving Report ref.'#]]),"",IF(inbound_data[[#This Row],[Ending Quantity]]=0,"ZERO","INV")) -> ZERO | B85: =IF(ISBLANK(D85),"",TEXT(ROW(),"00000")) -> 00085 | C85: =IF(ISBLANK(D85),"",inbound_data[[#This Row],[Pallet_Series]]&inbound_data[[#This Row],[No.]]) -> DUO-00076A/4004200085 | D85: 46014 | E85: RECEIVING | F85: 112725 | G85: BULACAN | H85: CBA-2865 | I85: 87426 | J85: DUO-00076A/40042 | K85: 1 | L85: SHRIMP SIOMAI 500G (APRUB) | M85: LOCAL TRANSFER | N85: 45992 | O85: 46539 | P85: =IF(A85="ZERO","",IF(O85="","",O85-TODAY())) | Q85: =IF(A85="ZERO","",IF(P85<0,"ALREADY EXPIRED",IF(P85<60,"NEARLY EXPIRED",""))) | R85: 51 | S85: =51*6 -> 306 | T85: =IF(ISBLANK(R85),0,R85-SUMIF(STOCK_CODE_OUT,$C85,QTY_OUT)) -> 0 | U85: =IF(ISBLANK(S85),0,S85-SUMIF(STOCK_CODE_OUT,$C85,KILOS_OUT)) -> 0 | V85: =IF(ISBLANK(K85),0,K85-SUMIF(STOCK_CODE_OUT,$C85,PALLET_OUT)) -> 0 | W85: BXS | X85: ANNEX | Y85: LAINE | AG85: =IF(T85>0,CONCATENATE(AA85,AB85,TEXT(AC85,"R00"),TEXT(AD85,"L0."),TEXT(AE85,"0")),"")
A86: =IF(ISBLANK(inbound_data[[#This Row],[Receiving Report ref.'#]]),"",IF(inbound_data[[#This Row],[Ending Quantity]]=0,"ZERO","INV")) -> ZERO | B86: =IF(ISBLANK(D86),"",TEXT(ROW(),"00000")) -> 00086 | C86: =IF(ISBLANK(D86),"",inbound_data[[#This Row],[Pallet_Series]]&inbound_data[[#This Row],[No.]]) -> DUO-00077A/455300086 | D86: 46014 | E86: RECEIVING | F86: 112725 | G86: BULACAN | H86: CBA-2865 | I86: 87426 | J86: DUO-00077A/4553 | K86: 1 | L86: SHRIMP SIOMAI 500G (APRUB) | M86: LOCAL TRANSFER | N86: 45992 | O86: 46539 | P86: =IF(A86="ZERO","",IF(O86="","",O86-TODAY())) | Q86: =IF(A86="ZERO","",IF(P86<0,"ALREADY EXPIRED",IF(P86<60,"NEARLY EXPIRED",""))) | R86: 50 | S86: =50*6 -> 300 | T86: =IF(ISBLANK(R86),0,R86-SUMIF(STOCK_CODE_OUT,$C86,QTY_OUT)) -> 0 | U86: =IF(ISBLANK(S86),0,S86-SUMIF(STOCK_CODE_OUT,$C86,KILOS_OUT)) -> 0 | V86: =IF(ISBLANK(K86),0,K86-SUMIF(STOCK_CODE_OUT,$C86,PALLET_OUT)) -> 0 | W86: BXS | X86: ANNEX | Y86: LAINE | AG86: =IF(T86>0,CONCATENATE(AA86,AB86,TEXT(AC86,"R00"),TEXT(AD86,"L0."),TEXT(AE86,"0")),"")
A87: =IF(ISBLANK(inbound_data[[#This Row],[Receiving Report ref.'#]]),"",IF(inbound_data[[#This Row],[Ending Quantity]]=0,"ZERO","INV")) -> ZERO | B87: =IF(ISBLANK(D87),"",TEXT(ROW(),"00000")) -> 00087 | C87: =IF(ISBLANK(D87),"",inbound_data[[#This Row],[Pallet_Series]]&inbound_data[[#This Row],[No.]]) -> DUO-00078A/4140100087 | D87: 46019 | E87: RECEIVING | F87: 112763 | G87: BULACAN | H87: NGN-7085 | I87: 88040 | J87: DUO-00078A/41401 | K87: 1 | L87: SHRIMP SIOMAI 500G (APRUB) | M87: LOCAL TRANSFER | N87: 45992 | O87: 46539 | P87: =IF(A87="ZERO","",IF(O87="","",O87-TODAY())) | Q87: =IF(A87="ZERO","",IF(P87<0,"ALREADY EXPIRED",IF(P87<60,"NEARLY EXPIRED",""))) | R87: 66 | S87: =66*6 -> 396 | T87: =IF(ISBLANK(R87),0,R87-SUMIF(STOCK_CODE_OUT,$C87,QTY_OUT)) -> 0 | U87: =IF(ISBLANK(S87),0,S87-SUMIF(STOCK_CODE_OUT,$C87,KILOS_OUT)) -> 0 | V87: =IF(ISBLANK(K87),0,K87-SUMIF(STOCK_CODE_OUT,$C87,PALLET_OUT)) -> 0 | W87: BXS | X87: ANNEX | Y87: LAINE | AG87: =IF(T87>0,CONCATENATE(AA87,AB87,TEXT(AC87,"R00"),TEXT(AD87,"L0."),TEXT(AE87,"0")),"")
A88: =IF(ISBLANK(inbound_data[[#This Row],[Receiving Report ref.'#]]),"",IF(inbound_data[[#This Row],[Ending Quantity]]=0,"ZERO","INV")) -> ZERO | B88: =IF(ISBLANK(D88),"",TEXT(ROW(),"00000")) -> 00088 | C88: =IF(ISBLANK(D88),"",inbound_data[[#This Row],[Pallet_Series]]&inbound_data[[#This Row],[No.]]) -> DUO-00079A/96800088 | D88: 46019 | E88: RECEIVING | F88: 112763 | G88: BULACAN | H88: NGN-7085 | I88: 88040 | J88: DUO-00079A/968 | K88: 1 | L88: SHRIMP SIOMAI 500G (APRUB) | M88: LOCAL TRANSFER | N88: 45992 | O88: 46539 | P88: =IF(A88="ZERO","",IF(O88="","",O88-TODAY())) | Q88: =IF(A88="ZERO","",IF(P88<0,"ALREADY EXPIRED",IF(P88<60,"NEARLY EXPIRED",""))) | R88: 66 | S88: =66*6 -> 396 | T88: =IF(ISBLANK(R88),0,R88-SUMIF(STOCK_CODE_OUT,$C88,QTY_OUT)) -> 0 | U88: =IF(ISBLANK(S88),0,S88-SUMIF(STOCK_CODE_OUT,$C88,KILOS_OUT)) -> 0 | V88: =IF(ISBLANK(K88),0,K88-SUMIF(STOCK_CODE_OUT,$C88,PALLET_OUT)) -> 0 | W88: BXS | X88: ANNEX | Y88: LAINE | AG88: =IF(T88>0,CONCATENATE(AA88,AB88,TEXT(AC88,"R00"),TEXT(AD88,"L0."),TEXT(AE88,"0")),"")
A89: =IF(ISBLANK(inbound_data[[#This Row],[Receiving Report ref.'#]]),"",IF(inbound_data[[#This Row],[Ending Quantity]]=0,"ZERO","INV")) -> ZERO | B89: =IF(ISBLANK(D89),"",TEXT(ROW(),"00000")) -> 00089 | C89: =IF(ISBLANK(D89),"",inbound_data[[#This Row],[Pallet_Series]]&inbound_data[[#This Row],[No.]]) -> DUO-00080A/NP00089 | D89: 46019 | E89: RECEIVING | F89: 112763 | G89: BULACAN | H89: NGN-7085 | I89: 88040 | J89: DUO-00080A/NP | K89: 1 | L89: SHRIMP SIOMAI 500G (APRUB) | M89: LOCAL TRANSFER | N89: 45992 | O89: 46539 | P89: =IF(A89="ZERO","",IF(O89="","",O89-TODAY())) | Q89: =IF(A89="ZERO","",IF(P89<0,"ALREADY EXPIRED",IF(P89<60,"NEARLY EXPIRED",""))) | R89: 66 | S89: =66*6 -> 396 | T89: =IF(ISBLANK(R89),0,R89-SUMIF(STOCK_CODE_OUT,$C89,QTY_OUT)) -> 0 | U89: =IF(ISBLANK(S89),0,S89-SUMIF(STOCK_CODE_OUT,$C89,KILOS_OUT)) -> 0 | V89: =IF(ISBLANK(K89),0,K89-SUMIF(STOCK_CODE_OUT,$C89,PALLET_OUT)) -> 0 | W89: BXS | X89: ANNEX | Y89: LAINE | AG89: =IF(T89>0,CONCATENATE(AA89,AB89,TEXT(AC89,"R00"),TEXT(AD89,"L0."),TEXT(AE89,"0")),"")
A90: =IF(ISBLANK(inbound_data[[#This Row],[Receiving Report ref.'#]]),"",IF(inbound_data[[#This Row],[Ending Quantity]]=0,"ZERO","INV")) -> ZERO | B90: =IF(ISBLANK(D90),"",TEXT(ROW(),"00000")) -> 00090 | C90: =IF(ISBLANK(D90),"",inbound_data[[#This Row],[Pallet_Series]]&inbound_data[[#This Row],[No.]]) -> DUO-00081A/301100090 | D90: 46019 | E90: RECEIVING | F90: 112763 | G90: BULACAN | H90: NGN-7085 | I90: 88040 | J90: DUO-00081A/3011 | K90: 1 | L90: SHRIMP SIOMAI 500G (APRUB) | M90: LOCAL TRANSFER | N90: 45992 | O90: 46539 | P90: =IF(A90="ZERO","",IF(O90="","",O90-TODAY())) | Q90: =IF(A90="ZERO","",IF(P90<0,"ALREADY EXPIRED",IF(P90<60,"NEARLY EXPIRED",""))) | R90: 66 | S90: =66*6 -> 396 | T90: =IF(ISBLANK(R90),0,R90-SUMIF(STOCK_CODE_OUT,$C90,QTY_OUT)) -> 0 | U90: =IF(ISBLANK(S90),0,S90-SUMIF(STOCK_CODE_OUT,$C90,KILOS_OUT)) -> 0 | V90: =IF(ISBLANK(K90),0,K90-SUMIF(STOCK_CODE_OUT,$C90,PALLET_OUT)) -> 0 | W90: BXS | X90: ANNEX | Y90: LAINE | AG90: =IF(T90>0,CONCATENATE(AA90,AB90,TEXT(AC90,"R00"),TEXT(AD90,"L0."),TEXT(AE90,"0")),"")
A91: =IF(ISBLANK(inbound_data[[#This Row],[Receiving Report ref.'#]]),"",IF(inbound_data[[#This Row],[Ending Quantity]]=0,"ZERO","INV")) -> ZERO | B91: =IF(ISBLANK(D91),"",TEXT(ROW(),"00000")) -> 00091 | C91: =IF(ISBLANK(D91),"",inbound_data[[#This Row],[Pallet_Series]]&inbound_data[[#This Row],[No.]]) -> DUO-00082A/216700091 | D91: 46019 | E91: RECEIVING | F91: 112763 | G91: BULACAN | H91: NGN-7085 | I91: 88040 | J91: DUO-00082A/2167 | K91: 1 | L91: SHRIMP SIOMAI 500G (APRUB) | M91: LOCAL TRANSFER | N91: 45992 | O91: 46539 | P91: =IF(A91="ZERO","",IF(O91="","",O91-TODAY())) | Q91: =IF(A91="ZERO","",IF(P91<0,"ALREADY EXPIRED",IF(P91<60,"NEARLY EXPIRED",""))) | R91: 66 | S91: =66*6 -> 396 | T91: =IF(ISBLANK(R91),0,R91-SUMIF(STOCK_CODE_OUT,$C91,QTY_OUT)) -> 0 | U91: =IF(ISBLANK(S91),0,S91-SUMIF(STOCK_CODE_OUT,$C91,KILOS_OUT)) -> 0 | V91: =IF(ISBLANK(K91),0,K91-SUMIF(STOCK_CODE_OUT,$C91,PALLET_OUT)) -> 0 | W91: BXS | X91: ANNEX | Y91: LAINE | AG91: =IF(T91>0,CONCATENATE(AA91,AB91,TEXT(AC91,"R00"),TEXT(AD91,"L0."),TEXT(AE91,"0")),"")
A92: =IF(ISBLANK(inbound_data[[#This Row],[Receiving Report ref.'#]]),"",IF(inbound_data[[#This Row],[Ending Quantity]]=0,"ZERO","INV")) -> ZERO | B92: =IF(ISBLANK(D92),"",TEXT(ROW(),"00000")) -> 00092 | C92: =IF(ISBLANK(D92),"",inbound_data[[#This Row],[Pallet_Series]]&inbound_data[[#This Row],[No.]]) -> DUO-00083A/462800092 | D92: 46019 | E92: RECEIVING | F92: 112763 | G92: BULACAN | H92: NGN-7085 | I92: 88040 | J92: DUO-00083A/4628 | K92: 1 | L92: SHRIMP SIOMAI 500G (APRUB) | M92: LOCAL TRANSFER | N92: 45992 | O92: 46539 | P92: =IF(A92="ZERO","",IF(O92="","",O92-TODAY())) | Q92: =IF(A92="ZERO","",IF(P92<0,"ALREADY EXPIRED",IF(P92<60,"NEARLY EXPIRED",""))) | R92: 71 | S92: =71*6 -> 426 | T92: =IF(ISBLANK(R92),0,R92-SUMIF(STOCK_CODE_OUT,$C92,QTY_OUT)) -> 0 | U92: =IF(ISBLANK(S92),0,S92-SUMIF(STOCK_CODE_OUT,$C92,KILOS_OUT)) -> 0 | V92: =IF(ISBLANK(K92),0,K92-SUMIF(STOCK_CODE_OUT,$C92,PALLET_OUT)) -> 0 | W92: BXS | X92: ANNEX | Y92: LAINE | AG92: =IF(T92>0,CONCATENATE(AA92,AB92,TEXT(AC92,"R00"),TEXT(AD92,"L0."),TEXT(AE92,"0")),"")
A93: =IF(ISBLANK(inbound_data[[#This Row],[Receiving Report ref.'#]]),"",IF(inbound_data[[#This Row],[Ending Quantity]]=0,"ZERO","INV")) -> ZERO | B93: =IF(ISBLANK(D93),"",TEXT(ROW(),"00000")) -> 00093 | C93: =IF(ISBLANK(D93),"",inbound_data[[#This Row],[Pallet_Series]]&inbound_data[[#This Row],[No.]]) -> DUO-00084A/59400093 | D93: 46047 | E93: RECEIVING | F93: 115077 | G93: BULACAN | H93: CCK-8782 | I93: 92007 | J93: DUO-00084A/594 | K93: 1 | L93: SIOPAO PORK ASADO 1.3KG (CHIBAO) | M93: LOCAL TRANSFER | N93: 46023 | O93: 46569 | P93: =IF(A93="ZERO","",IF(O93="","",O93-TODAY())) | Q93: =IF(A93="ZERO","",IF(P93<0,"ALREADY EXPIRED",IF(P93<60,"NEARLY EXPIRED",""))) | R93: 30 | S93: =30*10.4 -> 312 | T93: =IF(ISBLANK(R93),0,R93-SUMIF(STOCK_CODE_OUT,$C93,QTY_OUT)) -> 0 | U93: =IF(ISBLANK(S93),0,S93-SUMIF(STOCK_CODE_OUT,$C93,KILOS_OUT)) -> 0 | V93: =IF(ISBLANK(K93),0,K93-SUMIF(STOCK_CODE_OUT,$C93,PALLET_OUT)) -> 0 | W93: BXS | X93: ANNEX | Y93: LAINE | AA93: 4 | AB93: C | AC93: 4 | AD93: 5 | AE93: 1 | AG93: =IF(T93>0,CONCATENATE(AA93,AB93,TEXT(AC93,"R00"),TEXT(AD93,"L0."),TEXT(AE93,"0")),"")
A94: =IF(ISBLANK(inbound_data[[#This Row],[Receiving Report ref.'#]]),"",IF(inbound_data[[#This Row],[Ending Quantity]]=0,"ZERO","INV")) -> ZERO | B94: =IF(ISBLANK(D94),"",TEXT(ROW(),"00000")) -> 00094 | C94: =IF(ISBLANK(D94),"",inbound_data[[#This Row],[Pallet_Series]]&inbound_data[[#This Row],[No.]]) -> DUO-00085A/702200094 | D94: 46047 | E94: RECEIVING | F94: 115077 | G94: BULACAN | H94: CCK-8782 | I94: 92007 | J94: DUO-00085A/7022 | K94: 1 | L94: SIOPAO PORK ASADO 1.3KG (CHIBAO) | M94: LOCAL TRANSFER | N94: 46023 | O94: 46569 | P94: =IF(A94="ZERO","",IF(O94="","",O94-TODAY())) | Q94: =IF(A94="ZERO","",IF(P94<0,"ALREADY EXPIRED",IF(P94<60,"NEARLY EXPIRED",""))) | R94: 30 | S94: =30*10.4 -> 312 | T94: =IF(ISBLANK(R94),0,R94-SUMIF(STOCK_CODE_OUT,$C94,QTY_OUT)) -> 0 | U94: =IF(ISBLANK(S94),0,S94-SUMIF(STOCK_CODE_OUT,$C94,KILOS_OUT)) -> 0 | V94: =IF(ISBLANK(K94),0,K94-SUMIF(STOCK_CODE_OUT,$C94,PALLET_OUT)) -> 0 | W94: BXS | X94: ANNEX | Y94: LAINE | AA94: 4 | AB94: C | AC94: 4 | AD94: 7 | AE94: 1 | AG94: =IF(T94>0,CONCATENATE(AA94,AB94,TEXT(AC94,"R00"),TEXT(AD94,"L0."),TEXT(AE94,"0")),"")
A95: =IF(ISBLANK(inbound_data[[#This Row],[Receiving Report ref.'#]]),"",IF(inbound_data[[#This Row],[Ending Quantity]]=0,"ZERO","INV")) -> ZERO | B95: =IF(ISBLANK(D95),"",TEXT(ROW(),"00000")) -> 00095 | C95: =IF(ISBLANK(D95),"",inbound_data[[#This Row],[Pallet_Series]]&inbound_data[[#This Row],[No.]]) -> DUO-00086A/292700095 | D95: 46047 | E95: RECEIVING | F95: 115077 | G95: BULACAN | H95: CCK-8782 | I95: 92007 | J95: DUO-00086A/2927 | K95: 1 | L95: SIOPAO PORK ASADO 1.3KG (CHIBAO) | M95: LOCAL TRANSFER | N95: 46023 | O95: 46569 | P95: =IF(A95="ZERO","",IF(O95="","",O95-TODAY())) | Q95: =IF(A95="ZERO","",IF(P95<0,"ALREADY EXPIRED",IF(P95<60,"NEARLY EXPIRED",""))) | R95: 30 | S95: =30*10.4 -> 312 | T95: =IF(ISBLANK(R95),0,R95-SUMIF(STOCK_CODE_OUT,$C95,QTY_OUT)) -> 0 | U95: =IF(ISBLANK(S95),0,S95-SUMIF(STOCK_CODE_OUT,$C95,KILOS_OUT)) -> 0 | V95: =IF(ISBLANK(K95),0,K95-SUMIF(STOCK_CODE_OUT,$C95,PALLET_OUT)) -> 0 | W95: BXS | X95: ANNEX | Y95: LAINE | AA95: 4 | AB95: C | AC95: 5 | AD95: 3 | AE95: 1 | AG95: =IF(T95>0,CONCATENATE(AA95,AB95,TEXT(AC95,"R00"),TEXT(AD95,"L0."),TEXT(AE95,"0")),"")
A96: =IF(ISBLANK(inbound_data[[#This Row],[Receiving Report ref.'#]]),"",IF(inbound_data[[#This Row],[Ending Quantity]]=0,"ZERO","INV")) -> ZERO | B96: =IF(ISBLANK(D96),"",TEXT(ROW(),"00000")) -> 00096 | C96: =IF(ISBLANK(D96),"",inbound_data[[#This Row],[Pallet_Series]]&inbound_data[[#This Row],[No.]]) -> DUO-00087A/33200096 | D96: 46047 | E96: RECEIVING | F96: 115077 | G96: BULACAN | H96: CCK-8782 | I96: 92007 | J96: DUO-00087A/332 | K96: 1 | L96: SIOPAO PORK ASADO 1.3KG (CHIBAO) | M96: LOCAL TRANSFER | N96: 46023 | O96: 46569 | P96: =IF(A96="ZERO","",IF(O96="","",O96-TODAY())) | Q96: =IF(A96="ZERO","",IF(P96<0,"ALREADY EXPIRED",IF(P96<60,"NEARLY EXPIRED",""))) | R96: 30 | S96: =30*10.4 -> 312 | T96: =IF(ISBLANK(R96),0,R96-SUMIF(STOCK_CODE_OUT,$C96,QTY_OUT)) -> 0 | U96: =IF(ISBLANK(S96),0,S96-SUMIF(STOCK_CODE_OUT,$C96,KILOS_OUT)) -> 0 | V96: =IF(ISBLANK(K96),0,K96-SUMIF(STOCK_CODE_OUT,$C96,PALLET_OUT)) -> 0 | W96: BXS | X96: ANNEX | Y96: LAINE | AA96: 4 | AB96: C | AC96: 1 | AD96: 5 | AE96: 2 | AG96: =IF(T96>0,CONCATENATE(AA96,AB96,TEXT(AC96,"R00"),TEXT(AD96,"L0."),TEXT(AE96,"0")),"")
A97: =IF(ISBLANK(inbound_data[[#This Row],[Receiving Report ref.'#]]),"",IF(inbound_data[[#This Row],[Ending Quantity]]=0,"ZERO","INV")) -> ZERO | B97: =IF(ISBLANK(D97),"",TEXT(ROW(),"00000")) -> 00097 | C97: =IF(ISBLANK(D97),"",inbound_data[[#This Row],[Pallet_Series]]&inbound_data[[#This Row],[No.]]) -> DUO-00088A/NP00097 | D97: 46047 | E97: RECEIVING | F97: 115077 | G97: BULACAN | H97: CCK-8782 | I97: 92007 | J97: DUO-00088A/NP | K97: 1 | L97: SIOPAO PORK ASADO 1.3KG (CHIBAO) | M97: LOCAL TRANSFER | N97: 46023 | O97: 46569 | P97: =IF(A97="ZERO","",IF(O97="","",O97-TODAY())) | Q97: =IF(A97="ZERO","",IF(P97<0,"ALREADY EXPIRED",IF(P97<60,"NEARLY EXPIRED",""))) | R97: 30 | S97: =30*10.4 -> 312 | T97: =IF(ISBLANK(R97),0,R97-SUMIF(STOCK_CODE_OUT,$C97,QTY_OUT)) -> 0 | U97: =IF(ISBLANK(S97),0,S97-SUMIF(STOCK_CODE_OUT,$C97,KILOS_OUT)) -> 0 | V97: =IF(ISBLANK(K97),0,K97-SUMIF(STOCK_CODE_OUT,$C97,PALLET_OUT)) -> 0 | W97: BXS | X97: ANNEX | Y97: LAINE | AA97: 4 | AB97: C | AC97: 1 | AD97: 5 | AE97: 1 | AG97: =IF(T97>0,CONCATENATE(AA97,AB97,TEXT(AC97,"R00"),TEXT(AD97,"L0."),TEXT(AE97,"0")),"")
A98: =IF(ISBLANK(inbound_data[[#This Row],[Receiving Report ref.'#]]),"",IF(inbound_data[[#This Row],[Ending Quantity]]=0,"ZERO","INV")) -> ZERO | B98: =IF(ISBLANK(D98),"",TEXT(ROW(),"00000")) -> 00098 | C98: =IF(ISBLANK(D98),"",inbound_data[[#This Row],[Pallet_Series]]&inbound_data[[#This Row],[No.]]) -> DUO-00089A/4060200098 | D98: 46047 | E98: RECEIVING | F98: 115077 | G98: BULACAN | H98: CCK-8782 | I98: 92007 | J98: DUO-00089A/40602 | K98: 1 | L98: SIOPAO PORK ASADO 1.3KG (CHIBAO) | M98: LOCAL TRANSFER | N98: 46023 | O98: 46569 | P98: =IF(A98="ZERO","",IF(O98="","",O98-TODAY())) | Q98: =IF(A98="ZERO","",IF(P98<0,"ALREADY EXPIRED",IF(P98<60,"NEARLY EXPIRED",""))) | R98: 30 | S98: =30*10.4 -> 312 | T98: =IF(ISBLANK(R98),0,R98-SUMIF(STOCK_CODE_OUT,$C98,QTY_OUT)) -> 0 | U98: =IF(ISBLANK(S98),0,S98-SUMIF(STOCK_CODE_OUT,$C98,KILOS_OUT)) -> 0 | V98: =IF(ISBLANK(K98),0,K98-SUMIF(STOCK_CODE_OUT,$C98,PALLET_OUT)) -> 0 | W98: BXS | X98: ANNEX | Y98: LAINE | AA98: 4 | AB98: C | AC98: 4 | AD98: 6 | AE98: 1 | AG98: =IF(T98>0,CONCATENATE(AA98,AB98,TEXT(AC98,"R00"),TEXT(AD98,"L0."),TEXT(AE98,"0")),"")
A99: =IF(ISBLANK(inbound_data[[#This Row],[Receiving Report ref.'#]]),"",IF(inbound_data[[#This Row],[Ending Quantity]]=0,"ZERO","INV")) -> ZERO | B99: =IF(ISBLANK(D99),"",TEXT(ROW(),"00000")) -> 00099 | C99: =IF(ISBLANK(D99),"",inbound_data[[#This Row],[Pallet_Series]]&inbound_data[[#This Row],[No.]]) -> DUO-00090A/942600099 | D99: 46047 | E99: RECEIVING | F99: 115077 | G99: BULACAN | H99: CCK-8782 | I99: 92007 | J99: DUO-00090A/9426 | K99: 1 | L99: SIOPAO PORK ASADO 1.3KG (CHIBAO) | M99: LOCAL TRANSFER | N99: 46023 | O99: 46569 | P99: =IF(A99="ZERO","",IF(O99="","",O99-TODAY())) | Q99: =IF(A99="ZERO","",IF(P99<0,"ALREADY EXPIRED",IF(P99<60,"NEARLY EXPIRED",""))) | R99: 30 | S99: =30*10.4 -> 312 | T99: =IF(ISBLANK(R99),0,R99-SUMIF(STOCK_CODE_OUT,$C99,QTY_OUT)) -> 0 | U99: =IF(ISBLANK(S99),0,S99-SUMIF(STOCK_CODE_OUT,$C99,KILOS_OUT)) -> 0 | V99: =IF(ISBLANK(K99),0,K99-SUMIF(STOCK_CODE_OUT,$C99,PALLET_OUT)) -> 0 | W99: BXS | X99: ANNEX | Y99: LAINE | AA99: 4 | AB99: C | AC99: 8 | AD99: 5 | AE99: 1 | AG99: =IF(T99>0,CONCATENATE(AA99,AB99,TEXT(AC99,"R00"),TEXT(AD99,"L0."),TEXT(AE99,"0")),"")
A100: =IF(ISBLANK(inbound_data[[#This Row],[Receiving Report ref.'#]]),"",IF(inbound_data[[#This Row],[Ending Quantity]]=0,"ZERO","INV")) -> ZERO | B100: =IF(ISBLANK(D100),"",TEXT(ROW(),"00000")) -> 00100 | C100: =IF(ISBLANK(D100),"",inbound_data[[#This Row],[Pallet_Series]]&inbound_data[[#This Row],[No.]]) -> DUO-00091A/363900100 | D100: 46047 | E100: RECEIVING | F100: 115077 | G100: BULACAN | H100: CCK-8782 | I100: 92007 | J100: DUO-00091A/3639 | K100: 1 | L100: UBE PAO 312G (CHIBAO) | M100: LOCAL TRANSFER | N100: 46023 | O100: 46569 | P100: =IF(A100="ZERO","",IF(O100="","",O100-TODAY())) | Q100: =IF(A100="ZERO","",IF(P100<0,"ALREADY EXPIRED",IF(P100<60,"NEARLY EXPIRED",""))) | R100: 60 | S100: =60*3.744 -> 224.64 | T100: =IF(ISBLANK(R100),0,R100-SUMIF(STOCK_CODE_OUT,$C100,QTY_OUT)) -> 0 | U100: =IF(ISBLANK(S100),0,S100-SUMIF(STOCK_CODE_OUT,$C100,KILOS_OUT)) -> 0 | V100: =IF(ISBLANK(K100),0,K100-SUMIF(STOCK_CODE_OUT,$C100,PALLET_OUT)) -> 0 | W100: BXS | X100: ANNEX | Y100: LAINE | AA100: 4 | AB100: C | AC100: 3 | AD100: 3 | AE100: 1 | AG100: =IF(T100>0,CONCATENATE(AA100,AB100,TEXT(AC100,"R00"),TEXT(AD100,"L0."),TEXT(AE100,"0")),"")
A101: =IF(ISBLANK(inbound_data[[#This Row],[Receiving Report ref.'#]]),"",IF(inbound_data[[#This Row],[Ending Quantity]]=0,"ZERO","INV")) -> ZERO | B101: =IF(ISBLANK(D101),"",TEXT(ROW(),"00000")) -> 00101 | C101: =IF(ISBLANK(D101),"",inbound_data[[#This Row],[Pallet_Series]]&inbound_data[[#This Row],[No.]]) -> DUO-00092A/35400101 | D101: 46047 | E101: RECEIVING | F101: 115077 | G101: BULACAN | H101: CCK-8782 | I101: 92007 | J101: DUO-00092A/354 | K101: 1 | L101: UBE PAO 312G (CHIBAO) | M101: LOCAL TRANSFER | N101: 46023 | O101: 46569 | P101: =IF(A101="ZERO","",IF(O101="","",O101-TODAY())) | Q101: =IF(A101="ZERO","",IF(P101<0,"ALREADY EXPIRED",IF(P101<60,"NEARLY EXPIRED",""))) | R101: 60 | S101: =60*3.744 -> 224.64 | T101: =IF(ISBLANK(R101),0,R101-SUMIF(STOCK_CODE_OUT,$C101,QTY_OUT)) -> 0 | U101: =IF(ISBLANK(S101),0,S101-SUMIF(STOCK_CODE_OUT,$C101,KILOS_OUT)) -> 0 | V101: =IF(ISBLANK(K101),0,K101-SUMIF(STOCK_CODE_OUT,$C101,PALLET_OUT)) -> 0 | W101: BXS | X101: ANNEX | Y101: LAINE | AA101: 4 | AB101: C | AC101: 3 | AD101: 3 | AE101: 2 | AG101: =IF(T101>0,CONCATENATE(AA101,AB101,TEXT(AC101,"R00"),TEXT(AD101,"L0."),TEXT(AE101,"0")),"")
A102: =IF(ISBLANK(inbound_data[[#This Row],[Receiving Report ref.'#]]),"",IF(inbound_data[[#This Row],[Ending Quantity]]=0,"ZERO","INV")) -> ZERO | B102: =IF(ISBLANK(D102),"",TEXT(ROW(),"00000")) -> 00102 | C102: =IF(ISBLANK(D102),"",inbound_data[[#This Row],[Pallet_Series]]&inbound_data[[#This Row],[No.]]) -> DUO-00093A/338400102 | D102: 46047 | E102: RECEIVING | F102: 115077 | G102: BULACAN | H102: CCK-8782 | I102: 92007 | J102: DUO-00093A/3384 | K102: 1 | L102: SIOPAO PORK ASADO 1.3KG (CHIBAO) | M102: LOCAL TRANSFER | N102: 46023 | O102: 46569 | P102: =IF(A102="ZERO","",IF(O102="","",O102-TODAY())) | Q102: =IF(A102="ZERO","",IF(P102<0,"ALREADY EXPIRED",IF(P102<60,"NEARLY EXPIRED",""))) | R102: 30 | S102: =30*10.4 -> 312 | T102: =IF(ISBLANK(R102),0,R102-SUMIF(STOCK_CODE_OUT,$C102,QTY_OUT)) -> 0 | U102: =IF(ISBLANK(S102),0,S102-SUMIF(STOCK_CODE_OUT,$C102,KILOS_OUT)) -> 0 | V102: =IF(ISBLANK(K102),0,K102-SUMIF(STOCK_CODE_OUT,$C102,PALLET_OUT)) -> 0 | W102: BXS | X102: ANNEX | Y102: LAINE | AA102: 4 | AB102: C | AC102: 8 | AD102: 5 | AE102: 2 | AG102: =IF(T102>0,CONCATENATE(AA102,AB102,TEXT(AC102,"R00"),TEXT(AD102,"L0."),TEXT(AE102,"0")),"")
A103: =IF(ISBLANK(inbound_data[[#This Row],[Receiving Report ref.'#]]),"",IF(inbound_data[[#This Row],[Ending Quantity]]=0,"ZERO","INV")) -> ZERO | B103: =IF(ISBLANK(D103),"",TEXT(ROW(),"00000")) -> 00103 | C103: =IF(ISBLANK(D103),"",inbound_data[[#This Row],[Pallet_Series]]&inbound_data[[#This Row],[No.]]) -> DUO-00094A/248900103 | D103: 46047 | E103: RECEIVING | F103: 115077 | G103: BULACAN | H103: CCK-8782 | I103: 92007 | J103: DUO-00094A/2489 | K103: 1 | L103: SIOPAO PORK ASADO 1.3KG (CHIBAO) | M103: LOCAL TRANSFER | N103: 46023 | O103: 46569 | P103: =IF(A103="ZERO","",IF(O103="","",O103-TODAY())) | Q103: =IF(A103="ZERO","",IF(P103<0,"ALREADY EXPIRED",IF(P103<60,"NEARLY EXPIRED",""))) | R103: 30 | S103: =30*10.4 -> 312 | T103: =IF(ISBLANK(R103),0,R103-SUMIF(STOCK_CODE_OUT,$C103,QTY_OUT)) -> 0 | U103: =IF(ISBLANK(S103),0,S103-SUMIF(STOCK_CODE_OUT,$C103,KILOS_OUT)) -> 0 | V103: =IF(ISBLANK(K103),0,K103-SUMIF(STOCK_CODE_OUT,$C103,PALLET_OUT)) -> 0 | W103: BXS | X103: ANNEX | Y103: LAINE | AA103: 4 | AB103: C | AC103: 6 | AD103: 2 | AE103: 1 | AG103: =IF(T103>0,CONCATENATE(AA103,AB103,TEXT(AC103,"R00"),TEXT(AD103,"L0."),TEXT(AE103,"0")),"")
A104: =IF(ISBLANK(inbound_data[[#This Row],[Receiving Report ref.'#]]),"",IF(inbound_data[[#This Row],[Ending Quantity]]=0,"ZERO","INV")) -> ZERO | B104: =IF(ISBLANK(D104),"",TEXT(ROW(),"00000")) -> 00104 | C104: =IF(ISBLANK(D104),"",inbound_data[[#This Row],[Pallet_Series]]&inbound_data[[#This Row],[No.]]) -> DUO-00095A/494400104 | D104: 46047 | E104: RECEIVING | F104: 115077 | G104: BULACAN | H104: CCK-8782 | I104: 92007 | J104: DUO-00095A/4944 | K104: 1 | L104: SIOPAO PORK ASADO 1.3KG (CHIBAO) | M104: LOCAL TRANSFER | N104: 46023 | O104: 46569 | P104: =IF(A104="ZERO","",IF(O104="","",O104-TODAY())) | Q104: =IF(A104="ZERO","",IF(P104<0,"ALREADY EXPIRED",IF(P104<60,"NEARLY EXPIRED",""))) | R104: 30 | S104: =30*10.4 -> 312 | T104: =IF(ISBLANK(R104),0,R104-SUMIF(STOCK_CODE_OUT,$C104,QTY_OUT)) -> 0 | U104: =IF(ISBLANK(S104),0,S104-SUMIF(STOCK_CODE_OUT,$C104,KILOS_OUT)) -> 0 | V104: =IF(ISBLANK(K104),0,K104-SUMIF(STOCK_CODE_OUT,$C104,PALLET_OUT)) -> 0 | W104: BXS | X104: ANNEX | Y104: LAINE | AA104: 4 | AB104: C | AC104: 6 | AD104: 2 | AE104: 2 | AG104: =IF(T104>0,CONCATENATE(AA104,AB104,TEXT(AC104,"R00"),TEXT(AD104,"L0."),TEXT(AE104,"0")),"")
...

Sheet Pallet Monitoring
A1: PALLET MONITORING
A2: =NOW() -> 46111.157 | D2: ='Pallet Monitoring'!$D$3-'Inbound data'!$R$7 -> 0 | E2: ='Pallet Monitoring'!$E$3-'Inbound data'!$S$7 -> 0 | F2: ='Pallet Monitoring'!$F$3-'Inbound data'!$J$7 -> 0 | O2: =$I$3-'Outbound data'!$F$2 -> 0 | P2: =$K$3-'Outbound data'!$G$2 -> 0 | Q2: =$M$3-'Outbound data'!$H$2 -> 0
D3: =SUM(Table2[RR total in],Table2[Return qty]) -> 5402 | E3: =SUM(Table2[RR total weight],Table2[Return weight]) -> 37134.336 | F3: =SUM(Table2[RR total pallet in],Table2[Return pallet]) -> 137 | I3: =SUM(Table2[WR qty out]) -> 4582 | J3: =SUM(Table2[Return qty]) -> 0 | K3: =SUM(Table2[WR weight out]) -> 35281.184 | L3: =SUM(Table2[Return weight]) -> 0 | M3: =SUM(Table2[WR pallet out]) -> 106 | N3: =SUM(Table2[Return pallet]) -> 0 | O3: =SUM(Table2[Net Quantity Out]) -> 4582 | P3: =SUM(Table2[Net Weight Out]) -> 35281.184 | Q3: =SUM(Table2[Total Pallet Out]) -> 106
A4: Transaction Date | B4: Beginning balance | C4: RR# | D4: RR total in | E4: RR total weight | F4: RR total pallet in | G4: WR# | H4: RR Return | I4: WR qty out | J4: Return qty | K4: WR weight out | L4: Return weight | M4: WR pallet out | N4: Return pallet | O4: Net Quantity Out | P4: Net Weight Out | Q4: Total Pallet Out | R4: Remaining pallet quantity | S4: Remaining quantity | T4: Remaining weight
A5: 45910 | B5: 0 | C5: 101784 | D5: =SUMIF(Receiving_Report_ref.,C5,In_Quantity) -> 671 | E5: =SUMIF(Receiving_Report_ref.,C5,In_Weight) -> 2512.224 | F5: =SUMIF(Receiving_Report_ref.,C5,Pallet_qty) -> 10 | H5: =IFERROR(INDEX(inbound_data[],MATCH(G5,Source,0),6),0) -> 0 | I5: =SUMIF(Withdrawal_Report_No.,G5,QTY_OUT) -> 0 | J5: =SUMIF(Receiving_Report_ref.,H5,In_Quantity) -> 0 | K5: =SUMIF(Withdrawal_Report_No.,G5,KILOS_OUT) -> 0 | L5: =SUMIF(Receiving_Report_ref.,H5,In_Weight) -> 0 | M5: =SUMIF(Withdrawal_Report_No.,G5,PALLET_OUT) -> 0 | N5: =SUMIF(Receiving_Report_ref.,H5,Pallet_qty) -> 0 | O5: =I5-J5 -> 0 | P5: =K5-L5 -> 0 | Q5: =+M5-N5 -> 0 | R5: =B5+F5-Q5 -> 10 | S5: =D5-O5 -> 671 | T5: =+E5-P5 -> 2512.224
A6: 45911 | B6: =R5 -> 10 | D6: =SUMIF(Receiving_Report_ref.,C6,In_Quantity) -> 0 | E6: =SUMIF(Receiving_Report_ref.,C6,In_Weight) -> 0 | F6: =SUMIF(Receiving_Report_ref.,C6,Pallet_qty) -> 0 | H6: =IFERROR(INDEX(inbound_data[],MATCH(G6,Source,0),6),0) -> 0 | I6: =SUMIF(Withdrawal_Report_No.,G6,QTY_OUT) -> 0 | J6: =SUMIF(Receiving_Report_ref.,H6,In_Quantity) -> 0 | K6: =SUMIF(Withdrawal_Report_No.,G6,KILOS_OUT) -> 0 | L6: =SUMIF(Receiving_Report_ref.,H6,In_Weight) -> 0 | M6: =SUMIF(Withdrawal_Report_No.,G6,PALLET_OUT) -> 0 | N6: =SUMIF(Receiving_Report_ref.,H6,Pallet_qty) -> 0 | O6: =I6-J6 -> 0 | P6: =K6-L6 -> 0 | Q6: =+M6-N6 -> 0 | R6: =B6+F6-Q6 -> 10 | S6: =S5+D6-O6 -> 671 | T6: =T5+E6-P6 -> 2512.224
A7: 45912 | B7: =R6 -> 10 | C7: 101841 | D7: =SUMIF(Receiving_Report_ref.,C7,In_Quantity) -> 280 | E7: =SUMIF(Receiving_Report_ref.,C7,In_Weight) -> 1048.32 | F7: =SUMIF(Receiving_Report_ref.,C7,Pallet_qty) -> 4 | H7: =IFERROR(INDEX(inbound_data[],MATCH(G7,Source,0),6),0) -> 0 | I7: =SUMIF(Withdrawal_Report_No.,G7,QTY_OUT) -> 0 | J7: =SUMIF(Receiving_Report_ref.,H7,In_Quantity) -> 0 | K7: =SUMIF(Withdrawal_Report_No.,G7,KILOS_OUT) -> 0 | L7: =SUMIF(Receiving_Report_ref.,H7,In_Weight) -> 0 | M7: =SUMIF(Withdrawal_Report_No.,G7,PALLET_OUT) -> 0 | N7: =SUMIF(Receiving_Report_ref.,H7,Pallet_qty) -> 0 | O7: =I7-J7 -> 0 | P7: =K7-L7 -> 0 | Q7: =+M7-N7 -> 0 | R7: =B7+F7-Q7 -> 14 | S7: =S6+D7-O7 -> 951 | T7: =T6+E7-P7 -> 3560.544
A8: 45912 | B8: =R7 -> 14 | D8: =SUMIF(Receiving_Report_ref.,C8,In_Quantity) -> 0 | E8: =SUMIF(Receiving_Report_ref.,C8,In_Weight) -> 0 | F8: =SUMIF(Receiving_Report_ref.,C8,Pallet_qty) -> 0 | G8: 124175 | H8: =IFERROR(INDEX(inbound_data[],MATCH(G8,Source,0),6),0) -> 0 | I8: =SUMIF(Withdrawal_Report_No.,G8,QTY_OUT) -> 251 | J8: =SUMIF(Receiving_Report_ref.,H8,In_Quantity) -> 0 | K8: =SUMIF(Withdrawal_Report_No.,G8,KILOS_OUT) -> 939.744 | L8: =SUMIF(Receiving_Report_ref.,H8,In_Weight) -> 0 | M8: =SUMIF(Withdrawal_Report_No.,G8,PALLET_OUT) -> 4 | N8: =SUMIF(Receiving_Report_ref.,H8,Pallet_qty) -> 0 | O8: =I8-J8 -> 251 | P8: =K8-L8 -> 939.744 | Q8: =+M8-N8 -> 4 | R8: =B8+F8-Q8 -> 10 | S8: =S7+D8-O8 -> 700 | T8: =T7+E8-P8 -> 2620.8
A9: 45913 | B9: =R8 -> 10 | D9: =SUMIF(Receiving_Report_ref.,C9,In_Quantity) -> 0 | E9: =SUMIF(Receiving_Report_ref.,C9,In_Weight) -> 0 | F9: =SUMIF(Receiving_Report_ref.,C9,Pallet_qty) -> 0 | G9: 126076 | H9: =IFERROR(INDEX(inbound_data[],MATCH(G9,Source,0),6),0) -> 0 | I9: =SUMIF(Withdrawal_Report_No.,G9,QTY_OUT) -> 280 | J9: =SUMIF(Receiving_Report_ref.,H9,In_Quantity) -> 0 | K9: =SUMIF(Withdrawal_Report_No.,G9,KILOS_OUT) -> 1048.32 | L9: =SUMIF(Receiving_Report_ref.,H9,In_Weight) -> 0 | M9: =SUMIF(Withdrawal_Report_No.,G9,PALLET_OUT) -> 4 | N9: =SUMIF(Receiving_Report_ref.,H9,Pallet_qty) -> 0 | O9: =I9-J9 -> 280 | P9: =K9-L9 -> 1048.32 | Q9: =+M9-N9 -> 4 | R9: =B9+F9-Q9 -> 6 | S9: =S8+D9-O9 -> 420 | T9: =T8+E9-P9 -> 1572.48
A10: 45914 | B10: =R9 -> 6 | D10: =SUMIF(Receiving_Report_ref.,C10,In_Quantity) -> 0 | E10: =SUMIF(Receiving_Report_ref.,C10,In_Weight) -> 0 | F10: =SUMIF(Receiving_Report_ref.,C10,Pallet_qty) -> 0 | H10: =IFERROR(INDEX(inbound_data[],MATCH(G10,Source,0),6),0) -> 0 | I10: =SUMIF(Withdrawal_Report_No.,G10,QTY_OUT) -> 0 | J10: =SUMIF(Receiving_Report_ref.,H10,In_Quantity) -> 0 | K10: =SUMIF(Withdrawal_Report_No.,G10,KILOS_OUT) -> 0 | L10: =SUMIF(Receiving_Report_ref.,H10,In_Weight) -> 0 | M10: =SUMIF(Withdrawal_Report_No.,G10,PALLET_OUT) -> 0 | N10: =SUMIF(Receiving_Report_ref.,H10,Pallet_qty) -> 0 | O10: =I10-J10 -> 0 | P10: =K10-L10 -> 0 | Q10: =+M10-N10 -> 0 | R10: =B10+F10-Q10 -> 6 | S10: =S9+D10-O10 -> 420 | T10: =T9+E10-P10 -> 1572.48
A11: 45915 | B11: =R10 -> 6 | D11: =SUMIF(Receiving_Report_ref.,C11,In_Quantity) -> 0 | E11: =SUMIF(Receiving_Report_ref.,C11,In_Weight) -> 0 | F11: =SUMIF(Receiving_Report_ref.,C11,Pallet_qty) -> 0 | H11: =IFERROR(INDEX(inbound_data[],MATCH(G11,Source,0),6),0) -> 0 | I11: =SUMIF(Withdrawal_Report_No.,G11,QTY_OUT) -> 0 | J11: =SUMIF(Receiving_Report_ref.,H11,In_Quantity) -> 0 | K11: =SUMIF(Withdrawal_Report_No.,G11,KILOS_OUT) -> 0 | L11: =SUMIF(Receiving_Report_ref.,H11,In_Weight) -> 0 | M11: =SUMIF(Withdrawal_Report_No.,G11,PALLET_OUT) -> 0 | N11: =SUMIF(Receiving_Report_ref.,H11,Pallet_qty) -> 0 | O11: =I11-J11 -> 0 | P11: =K11-L11 -> 0 | Q11: =+M11-N11 -> 0 | R11: =B11+F11-Q11 -> 6 | S11: =S10+D11-O11 -> 420 | T11: =T10+E11-P11 -> 1572.48
A12: 45916 | B12: =R11 -> 6 | D12: =SUMIF(Receiving_Report_ref.,C12,In_Quantity) -> 0 | E12: =SUMIF(Receiving_Report_ref.,C12,In_Weight) -> 0 | F12: =SUMIF(Receiving_Report_ref.,C12,Pallet_qty) -> 0 | H12: =IFERROR(INDEX(inbound_data[],MATCH(G12,Source,0),6),0) -> 0 | I12: =SUMIF(Withdrawal_Report_No.,G12,QTY_OUT) -> 0 | J12: =SUMIF(Receiving_Report_ref.,H12,In_Quantity) -> 0 | K12: =SUMIF(Withdrawal_Report_No.,G12,KILOS_OUT) -> 0 | L12: =SUMIF(Receiving_Report_ref.,H12,In_Weight) -> 0 | M12: =SUMIF(Withdrawal_Report_No.,G12,PALLET_OUT) -> 0 | N12: =SUMIF(Receiving_Report_ref.,H12,Pallet_qty) -> 0 | O12: =I12-J12 -> 0 | P12: =K12-L12 -> 0 | Q12: =+M12-N12 -> 0 | R12: =B12+F12-Q12 -> 6 | S12: =S11+D12-O12 -> 420 | T12: =T11+E12-P12 -> 1572.48
A13: 45917 | B13: =R12 -> 6 | D13: =SUMIF(Receiving_Report_ref.,C13,In_Quantity) -> 0 | E13: =SUMIF(Receiving_Report_ref.,C13,In_Weight) -> 0 | F13: =SUMIF(Receiving_Report_ref.,C13,Pallet_qty) -> 0 | H13: =IFERROR(INDEX(inbound_data[],MATCH(G13,Source,0),6),0) -> 0 | I13: =SUMIF(Withdrawal_Report_No.,G13,QTY_OUT) -> 0 | J13: =SUMIF(Receiving_Report_ref.,H13,In_Quantity) -> 0 | K13: =SUMIF(Withdrawal_Report_No.,G13,KILOS_OUT) -> 0 | L13: =SUMIF(Receiving_Report_ref.,H13,In_Weight) -> 0 | M13: =SUMIF(Withdrawal_Report_No.,G13,PALLET_OUT) -> 0 | N13: =SUMIF(Receiving_Report_ref.,H13,Pallet_qty) -> 0 | O13: =I13-J13 -> 0 | P13: =K13-L13 -> 0 | Q13: =+M13-N13 -> 0 | R13: =B13+F13-Q13 -> 6 | S13: =S12+D13-O13 -> 420 | T13: =T12+E13-P13 -> 1572.48
A14: 45918 | B14: =R13 -> 6 | C14: 102348 | D14: =SUMIF(Receiving_Report_ref.,C14,In_Quantity) -> 210 | E14: =SUMIF(Receiving_Report_ref.,C14,In_Weight) -> 2184 | F14: =SUMIF(Receiving_Report_ref.,C14,Pallet_qty) -> 7 | H14: =IFERROR(INDEX(inbound_data[],MATCH(G14,Source,0),6),0) -> 0 | I14: =SUMIF(Withdrawal_Report_No.,G14,QTY_OUT) -> 0 | J14: =SUMIF(Receiving_Report_ref.,H14,In_Quantity) -> 0 | K14: =SUMIF(Withdrawal_Report_No.,G14,KILOS_OUT) -> 0 | L14: =SUMIF(Receiving_Report_ref.,H14,In_Weight) -> 0 | M14: =SUMIF(Withdrawal_Report_No.,G14,PALLET_OUT) -> 0 | N14: =SUMIF(Receiving_Report_ref.,H14,Pallet_qty) -> 0 | O14: =I14-J14 -> 0 | P14: =K14-L14 -> 0 | Q14: =+M14-N14 -> 0 | R14: =B14+F14-Q14 -> 13 | S14: =S13+D14-O14 -> 630 | T14: =T13+E14-P14 -> 3756.48
A15: 45918 | B15: =R14 -> 13 | D15: =SUMIF(Receiving_Report_ref.,C15,In_Quantity) -> 0 | E15: =SUMIF(Receiving_Report_ref.,C15,In_Weight) -> 0 | F15: =SUMIF(Receiving_Report_ref.,C15,Pallet_qty) -> 0 | G15: 126677 | H15: =IFERROR(INDEX(inbound_data[],MATCH(G15,Source,0),6),0) -> 0 | I15: =SUMIF(Withdrawal_Report_No.,G15,QTY_OUT) -> 420 | J15: =SUMIF(Receiving_Report_ref.,H15,In_Quantity) -> 0 | K15: =SUMIF(Withdrawal_Report_No.,G15,KILOS_OUT) -> 1572.48 | L15: =SUMIF(Receiving_Report_ref.,H15,In_Weight) -> 0 | M15: =SUMIF(Withdrawal_Report_No.,G15,PALLET_OUT) -> 6 | N15: =SUMIF(Receiving_Report_ref.,H15,Pallet_qty) -> 0 | O15: =I15-J15 -> 420 | P15: =K15-L15 -> 1572.48 | Q15: =+M15-N15 -> 6 | R15: =B15+F15-Q15 -> 7 | S15: =S14+D15-O15 -> 210 | T15: =T14+E15-P15 -> 2184
A16: 45919 | B16: =R15 -> 7 | D16: =SUMIF(Receiving_Report_ref.,C16,In_Quantity) -> 0 | E16: =SUMIF(Receiving_Report_ref.,C16,In_Weight) -> 0 | F16: =SUMIF(Receiving_Report_ref.,C16,Pallet_qty) -> 0 | H16: =IFERROR(INDEX(inbound_data[],MATCH(G16,Source,0),6),0) -> 0 | I16: =SUMIF(Withdrawal_Report_No.,G16,QTY_OUT) -> 0 | J16: =SUMIF(Receiving_Report_ref.,H16,In_Quantity) -> 0 | K16: =SUMIF(Withdrawal_Report_No.,G16,KILOS_OUT) -> 0 | L16: =SUMIF(Receiving_Report_ref.,H16,In_Weight) -> 0 | M16: =SUMIF(Withdrawal_Report_No.,G16,PALLET_OUT) -> 0 | N16: =SUMIF(Receiving_Report_ref.,H16,Pallet_qty) -> 0 | O16: =I16-J16 -> 0 | P16: =K16-L16 -> 0 | Q16: =+M16-N16 -> 0 | R16: =B16+F16-Q16 -> 7 | S16: =S15+D16-O16 -> 210 | T16: =T15+E16-P16 -> 2184
A17: 45920 | B17: =R16 -> 7 | D17: =SUMIF(Receiving_Report_ref.,C17,In_Quantity) -> 0 | E17: =SUMIF(Receiving_Report_ref.,C17,In_Weight) -> 0 | F17: =SUMIF(Receiving_Report_ref.,C17,Pallet_qty) -> 0 | G17: 126714 | H17: =IFERROR(INDEX(inbound_data[],MATCH(G17,Source,0),6),0) -> 0 | I17: =SUMIF(Withdrawal_Report_No.,G17,QTY_OUT) -> 150 | J17: =SUMIF(Receiving_Report_ref.,H17,In_Quantity) -> 0 | K17: =SUMIF(Withdrawal_Report_No.,G17,KILOS_OUT) -> 1560 | L17: =SUMIF(Receiving_Report_ref.,H17,In_Weight) -> 0 | M17: =SUMIF(Withdrawal_Report_No.,G17,PALLET_OUT) -> 5 | N17: =SUMIF(Receiving_Report_ref.,H17,Pallet_qty) -> 0 | O17: =I17-J17 -> 150 | P17: =K17-L17 -> 1560 | Q17: =+M17-N17 -> 5 | R17: =B17+F17-Q17 -> 2 | S17: =S16+D17-O17 -> 60 | T17: =T16+E17-P17 -> 624
A18: 45921 | B18: =R17 -> 2 | D18: =SUMIF(Receiving_Report_ref.,C18,In_Quantity) -> 0 | E18: =SUMIF(Receiving_Report_ref.,C18,In_Weight) -> 0 | F18: =SUMIF(Receiving_Report_ref.,C18,Pallet_qty) -> 0 | H18: =IFERROR(INDEX(inbound_data[],MATCH(G18,Source,0),6),0) -> 0 | I18: =SUMIF(Withdrawal_Report_No.,G18,QTY_OUT) -> 0 | J18: =SUMIF(Receiving_Report_ref.,H18,In_Quantity) -> 0 | K18: =SUMIF(Withdrawal_Report_No.,G18,KILOS_OUT) -> 0 | L18: =SUMIF(Receiving_Report_ref.,H18,In_Weight) -> 0 | M18: =SUMIF(Withdrawal_Report_No.,G18,PALLET_OUT) -> 0 | N18: =SUMIF(Receiving_Report_ref.,H18,Pallet_qty) -> 0 | O18: =I18-J18 -> 0 | P18: =K18-L18 -> 0 | Q18: =+M18-N18 -> 0 | R18: =B18+F18-Q18 -> 2 | S18: =S17+D18-O18 -> 60 | T18: =T17+E18-P18 -> 624
A19: 45922 | B19: =R18 -> 2 | D19: =SUMIF(Receiving_Report_ref.,C19,In_Quantity) -> 0 | E19: =SUMIF(Receiving_Report_ref.,C19,In_Weight) -> 0 | F19: =SUMIF(Receiving_Report_ref.,C19,Pallet_qty) -> 0 | H19: =IFERROR(INDEX(inbound_data[],MATCH(G19,Source,0),6),0) -> 0 | I19: =SUMIF(Withdrawal_Report_No.,G19,QTY_OUT) -> 0 | J19: =SUMIF(Receiving_Report_ref.,H19,In_Quantity) -> 0 | K19: =SUMIF(Withdrawal_Report_No.,G19,KILOS_OUT) -> 0 | L19: =SUMIF(Receiving_Report_ref.,H19,In_Weight) -> 0 | M19: =SUMIF(Withdrawal_Report_No.,G19,PALLET_OUT) -> 0 | N19: =SUMIF(Receiving_Report_ref.,H19,Pallet_qty) -> 0 | O19: =I19-J19 -> 0 | P19: =K19-L19 -> 0 | Q19: =+M19-N19 -> 0 | R19: =B19+F19-Q19 -> 2 | S19: =S18+D19-O19 -> 60 | T19: =T18+E19-P19 -> 624
A20: 45923 | B20: =R19 -> 2 | D20: =SUMIF(Receiving_Report_ref.,C20,In_Quantity) -> 0 | E20: =SUMIF(Receiving_Report_ref.,C20,In_Weight) -> 0 | F20: =SUMIF(Receiving_Report_ref.,C20,Pallet_qty) -> 0 | H20: =IFERROR(INDEX(inbound_data[],MATCH(G20,Source,0),6),0) -> 0 | I20: =SUMIF(Withdrawal_Report_No.,G20,QTY_OUT) -> 0 | J20: =SUMIF(Receiving_Report_ref.,H20,In_Quantity) -> 0 | K20: =SUMIF(Withdrawal_Report_No.,G20,KILOS_OUT) -> 0 | L20: =SUMIF(Receiving_Report_ref.,H20,In_Weight) -> 0 | M20: =SUMIF(Withdrawal_Report_No.,G20,PALLET_OUT) -> 0 | N20: =SUMIF(Receiving_Report_ref.,H20,Pallet_qty) -> 0 | O20: =I20-J20 -> 0 | P20: =K20-L20 -> 0 | Q20: =+M20-N20 -> 0 | R20: =B20+F20-Q20 -> 2 | S20: =S19+D20-O20 -> 60 | T20: =T19+E20-P20 -> 624
A21: 45924 | B21: =R20 -> 2 | D21: =SUMIF(Receiving_Report_ref.,C21,In_Quantity) -> 0 | E21: =SUMIF(Receiving_Report_ref.,C21,In_Weight) -> 0 | F21: =SUMIF(Receiving_Report_ref.,C21,Pallet_qty) -> 0 | G21: 127031 | H21: =IFERROR(INDEX(inbound_data[],MATCH(G21,Source,0),6),0) -> 0 | I21: =SUMIF(Withdrawal_Report_No.,G21,QTY_OUT) -> 60 | J21: =SUMIF(Receiving_Report_ref.,H21,In_Quantity) -> 0 | K21: =SUMIF(Withdrawal_Report_No.,G21,KILOS_OUT) -> 624 | L21: =SUMIF(Receiving_Report_ref.,H21,In_Weight) -> 0 | M21: =SUMIF(Withdrawal_Report_No.,G21,PALLET_OUT) -> 2 | N21: =SUMIF(Receiving_Report_ref.,H21,Pallet_qty) -> 0 | O21: =I21-J21 -> 60 | P21: =K21-L21 -> 624 | Q21: =+M21-N21 -> 2 | R21: =B21+F21-Q21 -> 0 | S21: =S20+D21-O21 -> 0 | T21: =T20+E21-P21 -> 0
A22: 45925 | B22: =R21 -> 0 | D22: =SUMIF(Receiving_Report_ref.,C22,In_Quantity) -> 0 | E22: =SUMIF(Receiving_Report_ref.,C22,In_Weight) -> 0 | F22: =SUMIF(Receiving_Report_ref.,C22,Pallet_qty) -> 0 | H22: =IFERROR(INDEX(inbound_data[],MATCH(G22,Source,0),6),0) -> 0 | I22: =SUMIF(Withdrawal_Report_No.,G22,QTY_OUT) -> 0 | J22: =SUMIF(Receiving_Report_ref.,H22,In_Quantity) -> 0 | K22: =SUMIF(Withdrawal_Report_No.,G22,KILOS_OUT) -> 0 | L22: =SUMIF(Receiving_Report_ref.,H22,In_Weight) -> 0 | M22: =SUMIF(Withdrawal_Report_No.,G22,PALLET_OUT) -> 0 | N22: =SUMIF(Receiving_Report_ref.,H22,Pallet_qty) -> 0 | O22: =I22-J22 -> 0 | P22: =K22-L22 -> 0 | Q22: =+M22-N22 -> 0 | R22: =B22+F22-Q22 -> 0 | S22: =S21+D22-O22 -> 0 | T22: =T21+E22-P22 -> 0
A23: 45926 | B23: =R22 -> 0 | D23: =SUMIF(Receiving_Report_ref.,C23,In_Quantity) -> 0 | E23: =SUMIF(Receiving_Report_ref.,C23,In_Weight) -> 0 | F23: =SUMIF(Receiving_Report_ref.,C23,Pallet_qty) -> 0 | H23: =IFERROR(INDEX(inbound_data[],MATCH(G23,Source,0),6),0) -> 0 | I23: =SUMIF(Withdrawal_Report_No.,G23,QTY_OUT) -> 0 | J23: =SUMIF(Receiving_Report_ref.,H23,In_Quantity) -> 0 | K23: =SUMIF(Withdrawal_Report_No.,G23,KILOS_OUT) -> 0 | L23: =SUMIF(Receiving_Report_ref.,H23,In_Weight) -> 0 | M23: =SUMIF(Withdrawal_Report_No.,G23,PALLET_OUT) -> 0 | N23: =SUMIF(Receiving_Report_ref.,H23,Pallet_qty) -> 0 | O23: =I23-J23 -> 0 | P23: =K23-L23 -> 0 | Q23: =+M23-N23 -> 0 | R23: =B23+F23-Q23 -> 0 | S23: =S22+D23-O23 -> 0 | T23: =T22+E23-P23 -> 0
A24: 45927 | B24: =R23 -> 0 | D24: =SUMIF(Receiving_Report_ref.,C24,In_Quantity) -> 0 | E24: =SUMIF(Receiving_Report_ref.,C24,In_Weight) -> 0 | F24: =SUMIF(Receiving_Report_ref.,C24,Pallet_qty) -> 0 | H24: =IFERROR(INDEX(inbound_data[],MATCH(G24,Source,0),6),0) -> 0 | I24: =SUMIF(Withdrawal_Report_No.,G24,QTY_OUT) -> 0 | J24: =SUMIF(Receiving_Report_ref.,H24,In_Quantity) -> 0 | K24: =SUMIF(Withdrawal_Report_No.,G24,KILOS_OUT) -> 0 | L24: =SUMIF(Receiving_Report_ref.,H24,In_Weight) -> 0 | M24: =SUMIF(Withdrawal_Report_No.,G24,PALLET_OUT) -> 0 | N24: =SUMIF(Receiving_Report_ref.,H24,Pallet_qty) -> 0 | O24: =I24-J24 -> 0 | P24: =K24-L24 -> 0 | Q24: =+M24-N24 -> 0 | R24: =B24+F24-Q24 -> 0 | S24: =S23+D24-O24 -> 0 | T24: =T23+E24-P24 -> 0
A25: 45928 | B25: =R24 -> 0 | D25: =SUMIF(Receiving_Report_ref.,C25,In_Quantity) -> 0 | E25: =SUMIF(Receiving_Report_ref.,C25,In_Weight) -> 0 | F25: =SUMIF(Receiving_Report_ref.,C25,Pallet_qty) -> 0 | H25: =IFERROR(INDEX(inbound_data[],MATCH(G25,Source,0),6),0) -> 0 | I25: =SUMIF(Withdrawal_Report_No.,G25,QTY_OUT) -> 0 | J25: =SUMIF(Receiving_Report_ref.,H25,In_Quantity) -> 0 | K25: =SUMIF(Withdrawal_Report_No.,G25,KILOS_OUT) -> 0 | L25: =SUMIF(Receiving_Report_ref.,H25,In_Weight) -> 0 | M25: =SUMIF(Withdrawal_Report_No.,G25,PALLET_OUT) -> 0 | N25: =SUMIF(Receiving_Report_ref.,H25,Pallet_qty) -> 0 | O25: =I25-J25 -> 0 | P25: =K25-L25 -> 0 | Q25: =+M25-N25 -> 0 | R25: =B25+F25-Q25 -> 0 | S25: =S24+D25-O25 -> 0 | T25: =T24+E25-P25 -> 0
A26: 45929 | B26: =R25 -> 0 | D26: =SUMIF(Receiving_Report_ref.,C26,In_Quantity) -> 0 | E26: =SUMIF(Receiving_Report_ref.,C26,In_Weight) -> 0 | F26: =SUMIF(Receiving_Report_ref.,C26,Pallet_qty) -> 0 | H26: =IFERROR(INDEX(inbound_data[],MATCH(G26,Source,0),6),0) -> 0 | I26: =SUMIF(Withdrawal_Report_No.,G26,QTY_OUT) -> 0 | J26: =SUMIF(Receiving_Report_ref.,H26,In_Quantity) -> 0 | K26: =SUMIF(Withdrawal_Report_No.,G26,KILOS_OUT) -> 0 | L26: =SUMIF(Receiving_Report_ref.,H26,In_Weight) -> 0 | M26: =SUMIF(Withdrawal_Report_No.,G26,PALLET_OUT) -> 0 | N26: =SUMIF(Receiving_Report_ref.,H26,Pallet_qty) -> 0 | O26: =I26-J26 -> 0 | P26: =K26-L26 -> 0 | Q26: =+M26-N26 -> 0 | R26: =B26+F26-Q26 -> 0 | S26: =S25+D26-O26 -> 0 | T26: =T25+E26-P26 -> 0
A27: 45930 | B27: =R26 -> 0 | D27: =SUMIF(Receiving_Report_ref.,C27,In_Quantity) -> 0 | E27: =SUMIF(Receiving_Report_ref.,C27,In_Weight) -> 0 | F27: =SUMIF(Receiving_Report_ref.,C27,Pallet_qty) -> 0 | H27: =IFERROR(INDEX(inbound_data[],MATCH(G27,Source,0),6),0) -> 0 | I27: =SUMIF(Withdrawal_Report_No.,G27,QTY_OUT) -> 0 | J27: =SUMIF(Receiving_Report_ref.,H27,In_Quantity) -> 0 | K27: =SUMIF(Withdrawal_Report_No.,G27,KILOS_OUT) -> 0 | L27: =SUMIF(Receiving_Report_ref.,H27,In_Weight) -> 0 | M27: =SUMIF(Withdrawal_Report_No.,G27,PALLET_OUT) -> 0 | N27: =SUMIF(Receiving_Report_ref.,H27,Pallet_qty) -> 0 | O27: =I27-J27 -> 0 | P27: =K27-L27 -> 0 | Q27: =+M27-N27 -> 0 | R27: =B27+F27-Q27 -> 0 | S27: =S26+D27-O27 -> 0 | T27: =T26+E27-P27 -> 0
A28: 45931 | B28: =R27 -> 0 | D28: =SUMIF(Receiving_Report_ref.,C28,In_Quantity) -> 0 | E28: =SUMIF(Receiving_Report_ref.,C28,In_Weight) -> 0 | F28: =SUMIF(Receiving_Report_ref.,C28,Pallet_qty) -> 0 | H28: =IFERROR(INDEX(inbound_data[],MATCH(G28,Source,0),6),0) -> 0 | I28: =SUMIF(Withdrawal_Report_No.,G28,QTY_OUT) -> 0 | J28: =SUMIF(Receiving_Report_ref.,H28,In_Quantity) -> 0 | K28: =SUMIF(Withdrawal_Report_No.,G28,KILOS_OUT) -> 0 | L28: =SUMIF(Receiving_Report_ref.,H28,In_Weight) -> 0 | M28: =SUMIF(Withdrawal_Report_No.,G28,PALLET_OUT) -> 0 | N28: =SUMIF(Receiving_Report_ref.,H28,Pallet_qty) -> 0 | O28: =I28-J28 -> 0 | P28: =K28-L28 -> 0 | Q28: =+M28-N28 -> 0 | R28: =B28+F28-Q28 -> 0 | S28: =S27+D28-O28 -> 0 | T28: =T27+E28-P28 -> 0
A29: 45932 | B29: =R28 -> 0 | D29: =SUMIF(Receiving_Report_ref.,C29,In_Quantity) -> 0 | E29: =SUMIF(Receiving_Report_ref.,C29,In_Weight) -> 0 | F29: =SUMIF(Receiving_Report_ref.,C29,Pallet_qty) -> 0 | H29: =IFERROR(INDEX(inbound_data[],MATCH(G29,Source,0),6),0) -> 0 | I29: =SUMIF(Withdrawal_Report_No.,G29,QTY_OUT) -> 0 | J29: =SUMIF(Receiving_Report_ref.,H29,In_Quantity) -> 0 | K29: =SUMIF(Withdrawal_Report_No.,G29,KILOS_OUT) -> 0 | L29: =SUMIF(Receiving_Report_ref.,H29,In_Weight) -> 0 | M29: =SUMIF(Withdrawal_Report_No.,G29,PALLET_OUT) -> 0 | N29: =SUMIF(Receiving_Report_ref.,H29,Pallet_qty) -> 0 | O29: =I29-J29 -> 0 | P29: =K29-L29 -> 0 | Q29: =+M29-N29 -> 0 | R29: =B29+F29-Q29 -> 0 | S29: =S28+D29-O29 -> 0 | T29: =T28+E29-P29 -> 0
A30: 45933 | B30: =R29 -> 0 | D30: =SUMIF(Receiving_Report_ref.,C30,In_Quantity) -> 0 | E30: =SUMIF(Receiving_Report_ref.,C30,In_Weight) -> 0 | F30: =SUMIF(Receiving_Report_ref.,C30,Pallet_qty) -> 0 | H30: =IFERROR(INDEX(inbound_data[],MATCH(G30,Source,0),6),0) -> 0 | I30: =SUMIF(Withdrawal_Report_No.,G30,QTY_OUT) -> 0 | J30: =SUMIF(Receiving_Report_ref.,H30,In_Quantity) -> 0 | K30: =SUMIF(Withdrawal_Report_No.,G30,KILOS_OUT) -> 0 | L30: =SUMIF(Receiving_Report_ref.,H30,In_Weight) -> 0 | M30: =SUMIF(Withdrawal_Report_No.,G30,PALLET_OUT) -> 0 | N30: =SUMIF(Receiving_Report_ref.,H30,Pallet_qty) -> 0 | O30: =I30-J30 -> 0 | P30: =K30-L30 -> 0 | Q30: =+M30-N30 -> 0 | R30: =B30+F30-Q30 -> 0 | S30: =S29+D30-O30 -> 0 | T30: =T29+E30-P30 -> 0
A31: 45934 | B31: =R30 -> 0 | D31: =SUMIF(Receiving_Report_ref.,C31,In_Quantity) -> 0 | E31: =SUMIF(Receiving_Report_ref.,C31,In_Weight) -> 0 | F31: =SUMIF(Receiving_Report_ref.,C31,Pallet_qty) -> 0 | H31: =IFERROR(INDEX(inbound_data[],MATCH(G31,Source,0),6),0) -> 0 | I31: =SUMIF(Withdrawal_Report_No.,G31,QTY_OUT) -> 0 | J31: =SUMIF(Receiving_Report_ref.,H31,In_Quantity) -> 0 | K31: =SUMIF(Withdrawal_Report_No.,G31,KILOS_OUT) -> 0 | L31: =SUMIF(Receiving_Report_ref.,H31,In_Weight) -> 0 | M31: =SUMIF(Withdrawal_Report_No.,G31,PALLET_OUT) -> 0 | N31: =SUMIF(Receiving_Report_ref.,H31,Pallet_qty) -> 0 | O31: =I31-J31 -> 0 | P31: =K31-L31 -> 0 | Q31: =+M31-N31 -> 0 | R31: =B31+F31-Q31 -> 0 | S31: =S30+D31-O31 -> 0 | T31: =T30+E31-P31 -> 0
A32: 45935 | B32: =R31 -> 0 | D32: =SUMIF(Receiving_Report_ref.,C32,In_Quantity) -> 0 | E32: =SUMIF(Receiving_Report_ref.,C32,In_Weight) -> 0 | F32: =SUMIF(Receiving_Report_ref.,C32,Pallet_qty) -> 0 | H32: =IFERROR(INDEX(inbound_data[],MATCH(G32,Source,0),6),0) -> 0 | I32: =SUMIF(Withdrawal_Report_No.,G32,QTY_OUT) -> 0 | J32: =SUMIF(Receiving_Report_ref.,H32,In_Quantity) -> 0 | K32: =SUMIF(Withdrawal_Report_No.,G32,KILOS_OUT) -> 0 | L32: =SUMIF(Receiving_Report_ref.,H32,In_Weight) -> 0 | M32: =SUMIF(Withdrawal_Report_No.,G32,PALLET_OUT) -> 0 | N32: =SUMIF(Receiving_Report_ref.,H32,Pallet_qty) -> 0 | O32: =I32-J32 -> 0 | P32: =K32-L32 -> 0 | Q32: =+M32-N32 -> 0 | R32: =B32+F32-Q32 -> 0 | S32: =S31+D32-O32 -> 0 | T32: =T31+E32-P32 -> 0
A33: 45936 | B33: =R32 -> 0 | D33: =SUMIF(Receiving_Report_ref.,C33,In_Quantity) -> 0 | E33: =SUMIF(Receiving_Report_ref.,C33,In_Weight) -> 0 | F33: =SUMIF(Receiving_Report_ref.,C33,Pallet_qty) -> 0 | H33: =IFERROR(INDEX(inbound_data[],MATCH(G33,Source,0),6),0) -> 0 | I33: =SUMIF(Withdrawal_Report_No.,G33,QTY_OUT) -> 0 | J33: =SUMIF(Receiving_Report_ref.,H33,In_Quantity) -> 0 | K33: =SUMIF(Withdrawal_Report_No.,G33,KILOS_OUT) -> 0 | L33: =SUMIF(Receiving_Report_ref.,H33,In_Weight) -> 0 | M33: =SUMIF(Withdrawal_Report_No.,G33,PALLET_OUT) -> 0 | N33: =SUMIF(Receiving_Report_ref.,H33,Pallet_qty) -> 0 | O33: =I33-J33 -> 0 | P33: =K33-L33 -> 0 | Q33: =+M33-N33 -> 0 | R33: =B33+F33-Q33 -> 0 | S33: =S32+D33-O33 -> 0 | T33: =T32+E33-P33 -> 0
... A40: 45943 | B40: =R39 -> 0 | D40: =SUMIF(Receiving_Report_ref.,C40,In_Quantity) -> 0 | E40: =SUMIF(Receiving_Report_ref.,C40,In_Weight) -> 0 | F40: =SUMIF(Receiving_Report_ref.,C40,Pallet_qty) -> 0 | H40: =IFERROR(INDEX(inbound_data[],MATCH(G40,Source,0),6),0) -> 0 | I40: =SUMIF(Withdrawal_Report_No.,G40,QTY_OUT) -> 0 | J40: =SUMIF(Receiving_Report_ref.,H40,In_Quantity) -> 0 | K40: =SUMIF(Withdrawal_Report_No.,G40,KILOS_OUT) -> 0 | L40: =SUMIF(Receiving_Report_ref.,H40,In_Weight) -> 0 | M40: =SUMIF(Withdrawal_Report_No.,G40,PALLET_OUT) -> 0 | N40: =SUMIF(Receiving_Report_ref.,H40,Pallet_qty) -> 0 | O40: =I40-J40 -> 0 | P40: =K40-L40 -> 0 | Q40: =+M40-N40 -> 0 | R40: =B40+F40-Q40 -> 0 | S40: =S39+D40-O40 -> 0 | T40: =T39+E40-P40 -> 0
A41: 45944 | B41: =R40 -> 0 | C41: 105131 | D41: =SUMIF(Receiving_Report_ref.,C41,In_Quantity) -> 327 | E41: =SUMIF(Receiving_Report_ref.,C41,In_Weight) -> 3540 | F41: =SUMIF(Receiving_Report_ref.,C41,Pallet_qty) -> 10 | H41: =IFERROR(INDEX(inbound_data[],MATCH(G41,Source,0),6),0) -> 0 | I41: =SUMIF(Withdrawal_Report_No.,G41,QTY_OUT) -> 0 | J41: =SUMIF(Receiving_Report_ref.,H41,In_Quantity) -> 0 | K41: =SUMIF(Withdrawal_Report_No.,G41,KILOS_OUT) -> 0 | L41: =SUMIF(Receiving_Report_ref.,H41,In_Weight) -> 0 | M41: =SUMIF(Withdrawal_Report_No.,G41,PALLET_OUT) -> 0 | N41: =SUMIF(Receiving_Report_ref.,H41,Pallet_qty) -> 0 | O41: =I41-J41 -> 0 | P41: =K41-L41 -> 0 | Q41: =+M41-N41 -> 0 | R41: =B41+F41-Q41 -> 10 | S41: =S40+D41-O41 -> 327 | T41: =T40+E41-P41 -> 3540
A42: 45945 | B42: =R41 -> 10 | C42: 105317 | D42: =SUMIF(Receiving_Report_ref.,C42,In_Quantity) -> 211 | E42: =SUMIF(Receiving_Report_ref.,C42,In_Weight) -> 2340 | F42: =SUMIF(Receiving_Report_ref.,C42,Pallet_qty) -> 6 | H42: =IFERROR(INDEX(inbound_data[],MATCH(G42,Source,0),6),0) -> 0 | I42: =SUMIF(Withdrawal_Report_No.,G42,QTY_OUT) -> 0 | J42: =SUMIF(Receiving_Report_ref.,H42,In_Quantity) -> 0 | K42: =SUMIF(Withdrawal_Report_No.,G42,KILOS_OUT) -> 0 | L42: =SUMIF(Receiving_Report_ref.,H42,In_Weight) -> 0 | M42: =SUMIF(Withdrawal_Report_No.,G42,PALLET_OUT) -> 0 | N42: =SUMIF(Receiving_Report_ref.,H42,Pallet_qty) -> 0 | O42: =I42-J42 -> 0 | P42: =K42-L42 -> 0 | Q42: =+M42-N42 -> 0 | R42: =B42+F42-Q42 -> 16 | S42: =S41+D42-O42 -> 538 | T42: =T41+E42-P42 -> 5880
A43: 45945 | B43: =R42 -> 16 | D43: =SUMIF(Receiving_Report_ref.,C43,In_Quantity) -> 0 | E43: =SUMIF(Receiving_Report_ref.,C43,In_Weight) -> 0 | F43: =SUMIF(Receiving_Report_ref.,C43,Pallet_qty) -> 0 | G43: 129499 | H43: =IFERROR(INDEX(inbound_data[],MATCH(G43,Source,0),6),0) -> 0 | I43: =SUMIF(Withdrawal_Report_No.,G43,QTY_OUT) -> 177 | J43: =SUMIF(Receiving_Report_ref.,H43,In_Quantity) -> 0 | K43: =SUMIF(Withdrawal_Report_No.,G43,KILOS_OUT) -> 1980 | L43: =SUMIF(Receiving_Report_ref.,H43,In_Weight) -> 0 | M43: =SUMIF(Withdrawal_Report_No.,G43,PALLET_OUT) -> 5 | N43: =SUMIF(Receiving_Report_ref.,H43,Pallet_qty) -> 0 | O43: =I43-J43 -> 177 | P43: =K43-L43 -> 1980 | Q43: =+M43-N43 -> 5 | R43: =B43+F43-Q43 -> 11 | S43: =S42+D43-O43 -> 361 | T43: =T42+E43-P43 -> 3900
A44: 45946 | B44: =R43 -> 11 | C44: 105330 | D44: =SUMIF(Receiving_Report_ref.,C44,In_Quantity) -> 85 | E44: =SUMIF(Receiving_Report_ref.,C44,In_Weight) -> 932 | F44: =SUMIF(Receiving_Report_ref.,C44,Pallet_qty) -> 3 | H44: =IFERROR(INDEX(inbound_data[],MATCH(G44,Source,0),6),0) -> 0 | I44: =SUMIF(Withdrawal_Report_No.,G44,QTY_OUT) -> 0 | J44: =SUMIF(Receiving_Report_ref.,H44,In_Quantity) -> 0 | K44: =SUMIF(Withdrawal_Report_No.,G44,KILOS_OUT) -> 0 | L44: =SUMIF(Receiving_Report_ref.,H44,In_Weight) -> 0 | M44: =SUMIF(Withdrawal_Report_No.,G44,PALLET_OUT) -> 0 | N44: =SUMIF(Receiving_Report_ref.,H44,Pallet_qty) -> 0 | O44: =I44-J44 -> 0 | P44: =K44-L44 -> 0 | Q44: =+M44-N44 -> 0 | R44: =B44+F44-Q44 -> 14 | S44: =S43+D44-O44 -> 446 | T44: =T43+E44-P44 -> 4832
A45: 45946 | B45: =R44 -> 14 | D45: =SUMIF(Receiving_Report_ref.,C45,In_Quantity) -> 0 | E45: =SUMIF(Receiving_Report_ref.,C45,In_Weight) -> 0 | F45: =SUMIF(Receiving_Report_ref.,C45,Pallet_qty) -> 0 | G45: 129565 | H45: =IFERROR(INDEX(inbound_data[],MATCH(G45,Source,0),6),0) -> 0 | I45: =SUMIF(Withdrawal_Report_No.,G45,QTY_OUT) -> 361 | J45: =SUMIF(Receiving_Report_ref.,H45,In_Quantity) -> 0 | K45: =SUMIF(Withdrawal_Report_No.,G45,KILOS_OUT) -> 3900 | L45: =SUMIF(Receiving_Report_ref.,H45,In_Weight) -> 0 | M45: =SUMIF(Withdrawal_Report_No.,G45,PALLET_OUT) -> 11 | N45: =SUMIF(Receiving_Report_ref.,H45,Pallet_qty) -> 0 | O45: =I45-J45 -> 361 | P45: =K45-L45 -> 3900 | Q45: =+M45-N45 -> 11 | R45: =B45+F45-Q45 -> 3 | S45: =S44+D45-O45 -> 85 | T45: =T44+E45-P45 -> 932
A46: 45947 | B46: =R45 -> 3 | D46: =SUMIF(Receiving_Report_ref.,C46,In_Quantity) -> 0 | E46: =SUMIF(Receiving_Report_ref.,C46,In_Weight) -> 0 | F46: =SUMIF(Receiving_Report_ref.,C46,Pallet_qty) -> 0 | H46: =IFERROR(INDEX(inbound_data[],MATCH(G46,Source,0),6),0) -> 0 | I46: =SUMIF(Withdrawal_Report_No.,G46,QTY_OUT) -> 0 | J46: =SUMIF(Receiving_Report_ref.,H46,In_Quantity) -> 0 | K46: =SUMIF(Withdrawal_Report_No.,G46,KILOS_OUT) -> 0 | L46: =SUMIF(Receiving_Report_ref.,H46,In_Weight) -> 0 | M46: =SUMIF(Withdrawal_Report_No.,G46,PALLET_OUT) -> 0 | N46: =SUMIF(Receiving_Report_ref.,H46,Pallet_qty) -> 0 | O46: =I46-J46 -> 0 | P46: =K46-L46 -> 0 | Q46: =+M46-N46 -> 0 | R46: =B46+F46-Q46 -> 3 | S46: =S45+D46-O46 -> 85 | T46: =T45+E46-P46 -> 932
A47: 45948 | B47: =R46 -> 3 | D47: =SUMIF(Receiving_Report_ref.,C47,In_Quantity) -> 0 | E47: =SUMIF(Receiving_Report_ref.,C47,In_Weight) -> 0 | F47: =SUMIF(Receiving_Report_ref.,C47,Pallet_qty) -> 0 | H47: =IFERROR(INDEX(inbound_data[],MATCH(G47,Source,0),6),0) -> 0 | I47: =SUMIF(Withdrawal_Report_No.,G47,QTY_OUT) -> 0 | J47: =SUMIF(Receiving_Report_ref.,H47,In_Quantity) -> 0 | K47: =SUMIF(Withdrawal_Report_No.,G47,KILOS_OUT) -> 0 | L47: =SUMIF(Receiving_Report_ref.,H47,In_Weight) -> 0 | M47: =SUMIF(Withdrawal_Report_No.,G47,PALLET_OUT) -> 0 | N47: =SUMIF(Receiving_Report_ref.,H47,Pallet_qty) -> 0 | O47: =I47-J47 -> 0 | P47: =K47-L47 -> 0 | Q47: =+M47-N47 -> 0 | R47: =B47+F47-Q47 -> 3 | S47: =S46+D47-O47 -> 85 | T47: =T46+E47-P47 -> 932
A48: 45949 | B48: =R47 -> 3 | D48: =SUMIF(Receiving_Report_ref.,C48,In_Quantity) -> 0 | E48: =SUMIF(Receiving_Report_ref.,C48,In_Weight) -> 0 | F48: =SUMIF(Receiving_Report_ref.,C48,Pallet_qty) -> 0 | H48: =IFERROR(INDEX(inbound_data[],MATCH(G48,Source,0),6),0) -> 0 | I48: =SUMIF(Withdrawal_Report_No.,G48,QTY_OUT) -> 0 | J48: =SUMIF(Receiving_Report_ref.,H48,In_Quantity) -> 0 | K48: =SUMIF(Withdrawal_Report_No.,G48,KILOS_OUT) -> 0 | L48: =SUMIF(Receiving_Report_ref.,H48,In_Weight) -> 0 | M48: =SUMIF(Withdrawal_Report_No.,G48,PALLET_OUT) -> 0 | N48: =SUMIF(Receiving_Report_ref.,H48,Pallet_qty) -> 0 | O48: =I48-J48 -> 0 | P48: =K48-L48 -> 0 | Q48: =+M48-N48 -> 0 | R48: =B48+F48-Q48 -> 3 | S48: =S47+D48-O48 -> 85 | T48: =T47+E48-P48 -> 932
A49: 45950 | B49: =R48 -> 3 | D49: =SUMIF(Receiving_Report_ref.,C49,In_Quantity) -> 0 | E49: =SUMIF(Receiving_Report_ref.,C49,In_Weight) -> 0 | F49: =SUMIF(Receiving_Report_ref.,C49,Pallet_qty) -> 0 | H49: =IFERROR(INDEX(inbound_data[],MATCH(G49,Source,0),6),0) -> 0 | I49: =SUMIF(Withdrawal_Report_No.,G49,QTY_OUT) -> 0 | J49: =SUMIF(Receiving_Report_ref.,H49,In_Quantity) -> 0 | K49: =SUMIF(Withdrawal_Report_No.,G49,KILOS_OUT) -> 0 | L49: =SUMIF(Receiving_Report_ref.,H49,In_Weight) -> 0 | M49: =SUMIF(Withdrawal_Report_No.,G49,PALLET_OUT) -> 0 | N49: =SUMIF(Receiving_Report_ref.,H49,Pallet_qty) -> 0 | O49: =I49-J49 -> 0 | P49: =K49-L49 -> 0 | Q49: =+M49-N49 -> 0 | R49: =B49+F49-Q49 -> 3 | S49: =S48+D49-O49 -> 85 | T49: =T48+E49-P49 -> 932
A50: 45951 | B50: =R49 -> 3 | D50: =SUMIF(Receiving_Report_ref.,C50,In_Quantity) -> 0 | E50: =SUMIF(Receiving_Report_ref.,C50,In_Weight) -> 0 | F50: =SUMIF(Receiving_Report_ref.,C50,Pallet_qty) -> 0 | G50: 130022 | H50: =IFERROR(INDEX(inbound_data[],MATCH(G50,Source,0),6),0) -> 0 | I50: =SUMIF(Withdrawal_Report_No.,G50,QTY_OUT) -> 85 | J50: =SUMIF(Receiving_Report_ref.,H50,In_Quantity) -> 0 | K50: =SUMIF(Withdrawal_Report_No.,G50,KILOS_OUT) -> 932 | L50: =SUMIF(Receiving_Report_ref.,H50,In_Weight) -> 0 | M50: =SUMIF(Withdrawal_Report_No.,G50,PALLET_OUT) -> 3 | N50: =SUMIF(Receiving_Report_ref.,H50,Pallet_qty) -> 0 | O50: =I50-J50 -> 85 | P50: =K50-L50 -> 932 | Q50: =+M50-N50 -> 3 | R50: =B50+F50-Q50 -> 0 | S50: =S49+D50-O50 -> 0 | T50: =T49+E50-P50 -> 0
A51: 45952 | B51: =R50 -> 0 | H51: =IFERROR(INDEX(inbound_data[],MATCH(G51,Source,0),6),0) -> 0 | I51: =SUMIF(Withdrawal_Report_No.,G51,QTY_OUT) -> 0 | J51: =SUMIF(Receiving_Report_ref.,H51,In_Quantity) -> 0 | K51: =SUMIF(Withdrawal_Report_No.,G51,KILOS_OUT) -> 0 | L51: =SUMIF(Receiving_Report_ref.,H51,In_Weight) -> 0 | M51: =SUMIF(Withdrawal_Report_No.,G51,PALLET_OUT) -> 0 | N51: =SUMIF(Receiving_Report_ref.,H51,Pallet_qty) -> 0 | O51: =I51-J51 -> 0 | P51: =K51-L51 -> 0 | Q51: =+M51-N51 -> 0 | R51: =B51+F51-Q51 -> 0 | S51: =S50+D51-O51 -> 0 | T51: =T50+E51-P51 -> 0
A52: 45953 | B52: =R51 -> 0 | D52: =SUMIF(Receiving_Report_ref.,C52,In_Quantity) -> 0 | E52: =SUMIF(Receiving_Report_ref.,C52,In_Weight) -> 0 | F52: =SUMIF(Receiving_Report_ref.,C52,Pallet_qty) -> 0 | H52: =IFERROR(INDEX(inbound_data[],MATCH(G52,Source,0),6),0) -> 0 | I52: =SUMIF(Withdrawal_Report_No.,G52,QTY_OUT) -> 0 | J52: =SUMIF(Receiving_Report_ref.,H52,In_Quantity) -> 0 | K52: =SUMIF(Withdrawal_Report_No.,G52,KILOS_OUT) -> 0 | L52: =SUMIF(Receiving_Report_ref.,H52,In_Weight) -> 0 | M52: =SUMIF(Withdrawal_Report_No.,G52,PALLET_OUT) -> 0 | N52: =SUMIF(Receiving_Report_ref.,H52,Pallet_qty) -> 0 | O52: =I52-J52 -> 0 | P52: =K52-L52 -> 0 | Q52: =+M52-N52 -> 0 | R52: =B52+F52-Q52 -> 0 | S52: =S51+D52-O52 -> 0 | T52: =T51+E52-P52 -> 0
A53: 45954 | B53: =R52 -> 0 | D53: =SUMIF(Receiving_Report_ref.,C53,In_Quantity) -> 0 | E53: =SUMIF(Receiving_Report_ref.,C53,In_Weight) -> 0 | F53: =SUMIF(Receiving_Report_ref.,C53,Pallet_qty) -> 0 | H53: =IFERROR(INDEX(inbound_data[],MATCH(G53,Source,0),6),0) -> 0 | I53: =SUMIF(Withdrawal_Report_No.,G53,QTY_OUT) -> 0 | J53: =SUMIF(Receiving_Report_ref.,H53,In_Quantity) -> 0 | K53: =SUMIF(Withdrawal_Report_No.,G53,KILOS_OUT) -> 0 | L53: =SUMIF(Receiving_Report_ref.,H53,In_Weight) -> 0 | M53: =SUMIF(Withdrawal_Report_No.,G53,PALLET_OUT) -> 0 | N53: =SUMIF(Receiving_Report_ref.,H53,Pallet_qty) -> 0 | O53: =I53-J53 -> 0 | P53: =K53-L53 -> 0 | Q53: =+M53-N53 -> 0 | R53: =B53+F53-Q53 -> 0 | S53: =S52+D53-O53 -> 0 | T53: =T52+E53-P53 -> 0
A54: 45955 | B54: =R53 -> 0 | D54: =SUMIF(Receiving_Report_ref.,C54,In_Quantity) -> 0 | E54: =SUMIF(Receiving_Report_ref.,C54,In_Weight) -> 0 | F54: =SUMIF(Receiving_Report_ref.,C54,Pallet_qty) -> 0 | H54: =IFERROR(INDEX(inbound_data[],MATCH(G54,Source,0),6),0) -> 0 | I54: =SUMIF(Withdrawal_Report_No.,G54,QTY_OUT) -> 0 | J54: =SUMIF(Receiving_Report_ref.,H54,In_Quantity) -> 0 | K54: =SUMIF(Withdrawal_Report_No.,G54,KILOS_OUT) -> 0 | L54: =SUMIF(Receiving_Report_ref.,H54,In_Weight) -> 0 | M54: =SUMIF(Withdrawal_Report_No.,G54,PALLET_OUT) -> 0 | N54: =SUMIF(Receiving_Report_ref.,H54,Pallet_qty) -> 0 | O54: =I54-J54 -> 0 | P54: =K54-L54 -> 0 | Q54: =+M54-N54 -> 0 | R54: =B54+F54-Q54 -> 0 | S54: =S53+D54-O54 -> 0 | T54: =T53+E54-P54 -> 0
A55: 45956 | B55: =R54 -> 0 | D55: =SUMIF(Receiving_Report_ref.,C55,In_Quantity) -> 0 | E55: =SUMIF(Receiving_Report_ref.,C55,In_Weight) -> 0 | F55: =SUMIF(Receiving_Report_ref.,C55,Pallet_qty) -> 0 | H55: =IFERROR(INDEX(inbound_data[],MATCH(G55,Source,0),6),0) -> 0 | I55: =SUMIF(Withdrawal_Report_No.,G55,QTY_OUT) -> 0 | J55: =SUMIF(Receiving_Report_ref.,H55,In_Quantity) -> 0 | K55: =SUMIF(Withdrawal_Report_No.,G55,KILOS_OUT) -> 0 | L55: =SUMIF(Receiving_Report_ref.,H55,In_Weight) -> 0 | M55: =SUMIF(Withdrawal_Report_No.,G55,PALLET_OUT) -> 0 | N55: =SUMIF(Receiving_Report_ref.,H55,Pallet_qty) -> 0 | O55: =I55-J55 -> 0 | P55: =K55-L55 -> 0 | Q55: =+M55-N55 -> 0 | R55: =B55+F55-Q55 -> 0 | S55: =S54+D55-O55 -> 0 | T55: =T54+E55-P55 -> 0
A56: 46353 | B56: =R55 -> 0 | C56: 109569 | D56: =SUMIF(Receiving_Report_ref.,C56,In_Quantity) -> 340 | E56: =SUMIF(Receiving_Report_ref.,C56,In_Weight) -> 3696 | F56: =SUMIF(Receiving_Report_ref.,C56,Pallet_qty) -> 10 | H56: =IFERROR(INDEX(inbound_data[],MATCH(G56,Source,0),6),0) -> 0 | I56: =SUMIF(Withdrawal_Report_No.,G56,QTY_OUT) -> 0 | J56: =SUMIF(Receiving_Report_ref.,H56,In_Quantity) -> 0 | K56: =SUMIF(Withdrawal_Report_No.,G56,KILOS_OUT) -> 0 | L56: =SUMIF(Receiving_Report_ref.,H56,In_Weight) -> 0 | M56: =SUMIF(Withdrawal_Report_No.,G56,PALLET_OUT) -> 0 | N56: =SUMIF(Receiving_Report_ref.,H56,Pallet_qty) -> 0 | O56: =I56-J56 -> 0 | P56: =K56-L56 -> 0 | Q56: =+M56-N56 -> 0 | R56: =B56+F56-Q56 -> 10 | S56: =S55+D56-O56 -> 340 | T56: =T55+E56-P56 -> 3696
A57: 46354 | B57: =R56 -> 10 | D57: =SUMIF(Receiving_Report_ref.,C57,In_Quantity) -> 0 | E57: =SUMIF(Receiving_Report_ref.,C57,In_Weight) -> 0 | F57: =SUMIF(Receiving_Report_ref.,C57,Pallet_qty) -> 0 | H57: =IFERROR(INDEX(inbound_data[],MATCH(G57,Source,0),6),0) -> 0 | I57: =SUMIF(Withdrawal_Report_No.,G57,QTY_OUT) -> 0 | J57: =SUMIF(Receiving_Report_ref.,H57,In_Quantity) -> 0 | K57: =SUMIF(Withdrawal_Report_No.,G57,KILOS_OUT) -> 0 | L57: =SUMIF(Receiving_Report_ref.,H57,In_Weight) -> 0 | M57: =SUMIF(Withdrawal_Report_No.,G57,PALLET_OUT) -> 0 | N57: =SUMIF(Receiving_Report_ref.,H57,Pallet_qty) -> 0 | O57: =I57-J57 -> 0 | P57: =K57-L57 -> 0 | Q57: =+M57-N57 -> 0 | R57: =B57+F57-Q57 -> 10 | S57: =S56+D57-O57 -> 340 | T57: =T56+E57-P57 -> 3696
A58: 46355 | B58: =R57 -> 10 | D58: =SUMIF(Receiving_Report_ref.,C58,In_Quantity) -> 0 | E58: =SUMIF(Receiving_Report_ref.,C58,In_Weight) -> 0 | F58: =SUMIF(Receiving_Report_ref.,C58,Pallet_qty) -> 0 | G58: 134652 | H58: =IFERROR(INDEX(inbound_data[],MATCH(G58,Source,0),6),0) -> 0 | I58: =SUMIF(Withdrawal_Report_No.,G58,QTY_OUT) -> 160 | J58: =SUMIF(Receiving_Report_ref.,H58,In_Quantity) -> 0 | K58: =SUMIF(Withdrawal_Report_No.,G58,KILOS_OUT) -> 1824 | L58: =SUMIF(Receiving_Report_ref.,H58,In_Weight) -> 0 | M58: =SUMIF(Withdrawal_Report_No.,G58,PALLET_OUT) -> 4 | N58: =SUMIF(Receiving_Report_ref.,H58,Pallet_qty) -> 0 | O58: =I58-J58 -> 160 | P58: =K58-L58 -> 1824 | Q58: =+M58-N58 -> 4 | R58: =B58+F58-Q58 -> 6 | S58: =S57+D58-O58 -> 180 | T58: =T57+E58-P58 -> 1872
A59: 46356 | B59: =R58 -> 6 | D59: =SUMIF(Receiving_Report_ref.,C59,In_Quantity) -> 0 | E59: =SUMIF(Receiving_Report_ref.,C59,In_Weight) -> 0 | F59: =SUMIF(Receiving_Report_ref.,C59,Pallet_qty) -> 0 | H59: =IFERROR(INDEX(inbound_data[],MATCH(G59,Source,0),6),0) -> 0 | I59: =SUMIF(Withdrawal_Report_No.,G59,QTY_OUT) -> 0 | J59: =SUMIF(Receiving_Report_ref.,H59,In_Quantity) -> 0 | K59: =SUMIF(Withdrawal_Report_No.,G59,KILOS_OUT) -> 0 | L59: =SUMIF(Receiving_Report_ref.,H59,In_Weight) -> 0 | M59: =SUMIF(Withdrawal_Report_No.,G59,PALLET_OUT) -> 0 | N59: =SUMIF(Receiving_Report_ref.,H59,Pallet_qty) -> 0 | O59: =I59-J59 -> 0 | P59: =K59-L59 -> 0 | Q59: =+M59-N59 -> 0 | R59: =B59+F59-Q59 -> 6 | S59: =S58+D59-O59 -> 180 | T59: =T58+E59-P59 -> 1872
A60: 45992 | B60: =R59 -> 6 | D60: =SUMIF(Receiving_Report_ref.,C60,In_Quantity) -> 0 | E60: =SUMIF(Receiving_Report_ref.,C60,In_Weight) -> 0 | F60: =SUMIF(Receiving_Report_ref.,C60,Pallet_qty) -> 0 | H60: =IFERROR(INDEX(inbound_data[],MATCH(G60,Source,0),6),0) -> 0 | I60: =SUMIF(Withdrawal_Report_No.,G60,QTY_OUT) -> 0 | J60: =SUMIF(Receiving_Report_ref.,H60,In_Quantity) -> 0 | K60: =SUMIF(Withdrawal_Report_No.,G60,KILOS_OUT) -> 0 | L60: =SUMIF(Receiving_Report_ref.,H60,In_Weight) -> 0 | M60: =SUMIF(Withdrawal_Report_No.,G60,PALLET_OUT) -> 0 | N60: =SUMIF(Receiving_Report_ref.,H60,Pallet_qty) -> 0 | O60: =I60-J60 -> 0 | P60: =K60-L60 -> 0 | Q60: =+M60-N60 -> 0 | R60: =B60+F60-Q60 -> 6 | S60: =S59+D60-O60 -> 180 | T60: =T59+E60-P60 -> 1872
A61: 45993 | B61: =R60 -> 6 | D61: =SUMIF(Receiving_Report_ref.,C61,In_Quantity) -> 0 | E61: =SUMIF(Receiving_Report_ref.,C61,In_Weight) -> 0 | F61: =SUMIF(Receiving_Report_ref.,C61,Pallet_qty) -> 0 | G61: 134818 | H61: =IFERROR(INDEX(inbound_data[],MATCH(G61,Source,0),6),0) -> 0 | I61: =SUMIF(Withdrawal_Report_No.,G61,QTY_OUT) -> 180 | J61: =SUMIF(Receiving_Report_ref.,H61,In_Quantity) -> 0 | K61: =SUMIF(Withdrawal_Report_No.,G61,KILOS_OUT) -> 1872 | L61: =SUMIF(Receiving_Report_ref.,H61,In_Weight) -> 0 | M61: =SUMIF(Withdrawal_Report_No.,G61,PALLET_OUT) -> 6 | N61: =SUMIF(Receiving_Report_ref.,H61,Pallet_qty) -> 0 | O61: =I61-J61 -> 180 | P61: =K61-L61 -> 1872 | Q61: =+M61-N61 -> 6 | R61: =B61+F61-Q61 -> 0 | S61: =S60+D61-O61 -> 0 | T61: =T60+E61-P61 -> 0
A62: 45994 | B62: =R61 -> 0 | D62: =SUMIF(Receiving_Report_ref.,C62,In_Quantity) -> 0 | E62: =SUMIF(Receiving_Report_ref.,C62,In_Weight) -> 0 | F62: =SUMIF(Receiving_Report_ref.,C62,Pallet_qty) -> 0 | H62: =IFERROR(INDEX(inbound_data[],MATCH(G62,Source,0),6),0) -> 0 | I62: =SUMIF(Withdrawal_Report_No.,G62,QTY_OUT) -> 0 | J62: =SUMIF(Receiving_Report_ref.,H62,In_Quantity) -> 0 | K62: =SUMIF(Withdrawal_Report_No.,G62,KILOS_OUT) -> 0 | L62: =SUMIF(Receiving_Report_ref.,H62,In_Weight) -> 0 | M62: =SUMIF(Withdrawal_Report_No.,G62,PALLET_OUT) -> 0 | N62: =SUMIF(Receiving_Report_ref.,H62,Pallet_qty) -> 0 | O62: =I62-J62 -> 0 | P62: =K62-L62 -> 0 | Q62: =+M62-N62 -> 0 | R62: =B62+F62-Q62 -> 0 | S62: =S61+D62-O62 -> 0 | T62: =T61+E62-P62 -> 0
A63: 45995 | B63: =R62 -> 0 | D63: =SUMIF(Receiving_Report_ref.,C63,In_Quantity) -> 0 | E63: =SUMIF(Receiving_Report_ref.,C63,In_Weight) -> 0 | F63: =SUMIF(Receiving_Report_ref.,C63,Pallet_qty) -> 0 | H63: =IFERROR(INDEX(inbound_data[],MATCH(G63,Source,0),6),0) -> 0 | I63: =SUMIF(Withdrawal_Report_No.,G63,QTY_OUT) -> 0 | J63: =SUMIF(Receiving_Report_ref.,H63,In_Quantity) -> 0 | K63: =SUMIF(Withdrawal_Report_No.,G63,KILOS_OUT) -> 0 | L63: =SUMIF(Receiving_Report_ref.,H63,In_Weight) -> 0 | M63: =SUMIF(Withdrawal_Report_No.,G63,PALLET_OUT) -> 0 | N63: =SUMIF(Receiving_Report_ref.,H63,Pallet_qty) -> 0 | O63: =I63-J63 -> 0 | P63: =K63-L63 -> 0 | Q63: =+M63-N63 -> 0 | R63: =B63+F63-Q63 -> 0 | S63: =S62+D63-O63 -> 0 | T63: =T62+E63-P63 -> 0
A64: 45996 | B64: =R63 -> 0 | D64: =SUMIF(Receiving_Report_ref.,C64,In_Quantity) -> 0 | E64: =SUMIF(Receiving_Report_ref.,C64,In_Weight) -> 0 | F64: =SUMIF(Receiving_Report_ref.,C64,Pallet_qty) -> 0 | H64: =IFERROR(INDEX(inbound_data[],MATCH(G64,Source,0),6),0) -> 0 | I64: =SUMIF(Withdrawal_Report_No.,G64,QTY_OUT) -> 0 | J64: =SUMIF(Receiving_Report_ref.,H64,In_Quantity) -> 0 | K64: =SUMIF(Withdrawal_Report_No.,G64,KILOS_OUT) -> 0 | L64: =SUMIF(Receiving_Report_ref.,H64,In_Weight) -> 0 | M64: =SUMIF(Withdrawal_Report_No.,G64,PALLET_OUT) -> 0 | N64: =SUMIF(Receiving_Report_ref.,H64,Pallet_qty) -> 0 | O64: =I64-J64 -> 0 | P64: =K64-L64 -> 0 | Q64: =+M64-N64 -> 0 | R64: =B64+F64-Q64 -> 0 | S64: =S63+D64-O64 -> 0 | T64: =T63+E64-P64 -> 0
A65: 45997 | B65: =R64 -> 0 | D65: =SUMIF(Receiving_Report_ref.,C65,In_Quantity) -> 0 | E65: =SUMIF(Receiving_Report_ref.,C65,In_Weight) -> 0 | F65: =SUMIF(Receiving_Report_ref.,C65,Pallet_qty) -> 0 | H65: =IFERROR(INDEX(inbound_data[],MATCH(G65,Source,0),6),0) -> 0 | I65: =SUMIF(Withdrawal_Report_No.,G65,QTY_OUT) -> 0 | J65: =SUMIF(Receiving_Report_ref.,H65,In_Quantity) -> 0 | K65: =SUMIF(Withdrawal_Report_No.,G65,KILOS_OUT) -> 0 | L65: =SUMIF(Receiving_Report_ref.,H65,In_Weight) -> 0 | M65: =SUMIF(Withdrawal_Report_No.,G65,PALLET_OUT) -> 0 | N65: =SUMIF(Receiving_Report_ref.,H65,Pallet_qty) -> 0 | O65: =I65-J65 -> 0 | P65: =K65-L65 -> 0 | Q65: =+M65-N65 -> 0 | R65: =B65+F65-Q65 -> 0 | S65: =S64+D65-O65 -> 0 | T65: =T64+E65-P65 -> 0
A66: 45998 | B66: =R65 -> 0 | D66: =SUMIF(Receiving_Report_ref.,C66,In_Quantity) -> 0 | E66: =SUMIF(Receiving_Report_ref.,C66,In_Weight) -> 0 | F66: =SUMIF(Receiving_Report_ref.,C66,Pallet_qty) -> 0 | H66: =IFERROR(INDEX(inbound_data[],MATCH(G66,Source,0),6),0) -> 0 | I66: =SUMIF(Withdrawal_Report_No.,G66,QTY_OUT) -> 0 | J66: =SUMIF(Receiving_Report_ref.,H66,In_Quantity) -> 0 | K66: =SUMIF(Withdrawal_Report_No.,G66,KILOS_OUT) -> 0 | L66: =SUMIF(Receiving_Report_ref.,H66,In_Weight) -> 0 | M66: =SUMIF(Withdrawal_Report_No.,G66,PALLET_OUT) -> 0 | N66: =SUMIF(Receiving_Report_ref.,H66,Pallet_qty) -> 0 | O66: =I66-J66 -> 0 | P66: =K66-L66 -> 0 | Q66: =+M66-N66 -> 0 | R66: =B66+F66-Q66 -> 0 | S66: =S65+D66-O66 -> 0 | T66: =T65+E66-P66 -> 0
A67: 45999 | B67: =R66 -> 0 | D67: =SUMIF(Receiving_Report_ref.,C67,In_Quantity) -> 0 | E67: =SUMIF(Receiving_Report_ref.,C67,In_Weight) -> 0 | F67: =SUMIF(Receiving_Report_ref.,C67,Pallet_qty) -> 0 | H67: =IFERROR(INDEX(inbound_data[],MATCH(G67,Source,0),6),0) -> 0 | I67: =SUMIF(Withdrawal_Report_No.,G67,QTY_OUT) -> 0 | J67: =SUMIF(Receiving_Report_ref.,H67,In_Quantity) -> 0 | K67: =SUMIF(Withdrawal_Report_No.,G67,KILOS_OUT) -> 0 | L67: =SUMIF(Receiving_Report_ref.,H67,In_Weight) -> 0 | M67: =SUMIF(Withdrawal_Report_No.,G67,PALLET_OUT) -> 0 | N67: =SUMIF(Receiving_Report_ref.,H67,Pallet_qty) -> 0 | O67: =I67-J67 -> 0 | P67: =K67-L67 -> 0 | Q67: =+M67-N67 -> 0 | R67: =B67+F67-Q67 -> 0 | S67: =S66+D67-O67 -> 0 | T67: =T66+E67-P67 -> 0
A68: 46000 | B68: =R67 -> 0 | C68: 110866 | D68: =SUMIF(Receiving_Report_ref.,C68,In_Quantity) -> 180 | E68: =SUMIF(Receiving_Report_ref.,C68,In_Weight) -> 1872 | F68: =SUMIF(Receiving_Report_ref.,C68,Pallet_qty) -> 6 | H68: =IFERROR(INDEX(inbound_data[],MATCH(G68,Source,0),6),0) -> 0 | I68: =SUMIF(Withdrawal_Report_No.,G68,QTY_OUT) -> 0 | J68: =SUMIF(Receiving_Report_ref.,H68,In_Quantity) -> 0 | K68: =SUMIF(Withdrawal_Report_No.,G68,KILOS_OUT) -> 0 | L68: =SUMIF(Receiving_Report_ref.,H68,In_Weight) -> 0 | M68: =SUMIF(Withdrawal_Report_No.,G68,PALLET_OUT) -> 0 | N68: =SUMIF(Receiving_Report_ref.,H68,Pallet_qty) -> 0 | O68: =I68-J68 -> 0 | P68: =K68-L68 -> 0 | Q68: =+M68-N68 -> 0 | R68: =B68+F68-Q68 -> 6 | S68: =S67+D68-O68 -> 180 | T68: =T67+E68-P68 -> 1872
A69: 46001 | B69: =R68 -> 6 | D69: =SUMIF(Receiving_Report_ref.,C69,In_Quantity) -> 0 | E69: =SUMIF(Receiving_Report_ref.,C69,In_Weight) -> 0 | F69: =SUMIF(Receiving_Report_ref.,C69,Pallet_qty) -> 0 | H69: =IFERROR(INDEX(inbound_data[],MATCH(G69,Source,0),6),0) -> 0 | I69: =SUMIF(Withdrawal_Report_No.,G69,QTY_OUT) -> 0 | J69: =SUMIF(Receiving_Report_ref.,H69,In_Quantity) -> 0 | K69: =SUMIF(Withdrawal_Report_No.,G69,KILOS_OUT) -> 0 | L69: =SUMIF(Receiving_Report_ref.,H69,In_Weight) -> 0 | M69: =SUMIF(Withdrawal_Report_No.,G69,PALLET_OUT) -> 0 | N69: =SUMIF(Receiving_Report_ref.,H69,Pallet_qty) -> 0 | O69: =I69-J69 -> 0 | P69: =K69-L69 -> 0 | Q69: =+M69-N69 -> 0 | R69: =B69+F69-Q69 -> 6 | S69: =S68+D69-O69 -> 180 | T69: =T68+E69-P69 -> 1872
A70: 46002 | B70: =R69 -> 6 | D70: =SUMIF(Receiving_Report_ref.,C70,In_Quantity) -> 0 | E70: =SUMIF(Receiving_Report_ref.,C70,In_Weight) -> 0 | F70: =SUMIF(Receiving_Report_ref.,C70,Pallet_qty) -> 0 | G70: 136422 | H70: =IFERROR(INDEX(inbound_data[],MATCH(G70,Source,0),6),0) -> 0 | I70: =SUMIF(Withdrawal_Report_No.,G70,QTY_OUT) -> 180 | J70: =SUMIF(Receiving_Report_ref.,H70,In_Quantity) -> 0 | K70: =SUMIF(Withdrawal_Report_No.,G70,KILOS_OUT) -> 1872 | L70: =SUMIF(Receiving_Report_ref.,H70,In_Weight) -> 0 | M70: =SUMIF(Withdrawal_Report_No.,G70,PALLET_OUT) -> 6 | N70: =SUMIF(Receiving_Report_ref.,H70,Pallet_qty) -> 0 | O70: =I70-J70 -> 180 | P70: =K70-L70 -> 1872 | Q70: =+M70-N70 -> 6 | R70: =B70+F70-Q70 -> 0 | S70: =S69+D70-O70 -> 0 | T70: =T69+E70-P70 -> 0
A71: 46002 | B71: =R70 -> 0 | C71: 111906 | D71: =SUMIF(Receiving_Report_ref.,C71,In_Quantity) -> 355 | E71: =SUMIF(Receiving_Report_ref.,C71,In_Weight) -> 3692 | F71: =SUMIF(Receiving_Report_ref.,C71,Pallet_qty) -> 12 | H71: =IFERROR(INDEX(inbound_data[],MATCH(G71,Source,0),6),0) -> 0 | I71: =SUMIF(Withdrawal_Report_No.,G71,QTY_OUT) -> 0 | J71: =SUMIF(Receiving_Report_ref.,H71,In_Quantity) -> 0 | K71: =SUMIF(Withdrawal_Report_No.,G71,KILOS_OUT) -> 0 | L71: =SUMIF(Receiving_Report_ref.,H71,In_Weight) -> 0 | M71: =SUMIF(Withdrawal_Report_No.,G71,PALLET_OUT) -> 0 | N71: =SUMIF(Receiving_Report_ref.,H71,Pallet_qty) -> 0 | O71: =I71-J71 -> 0 | P71: =K71-L71 -> 0 | Q71: =+M71-N71 -> 0 | R71: =B71+F71-Q71 -> 12 | S71: =S70+D71-O71 -> 355 | T71: =T70+E71-P71 -> 3692
A72: 46003 | B72: =R71 -> 12 | D72: =SUMIF(Receiving_Report_ref.,C72,In_Quantity) -> 0 | E72: =SUMIF(Receiving_Report_ref.,C72,In_Weight) -> 0 | F72: =SUMIF(Receiving_Report_ref.,C72,Pallet_qty) -> 0 | G72: 136450 | H72: =IFERROR(INDEX(inbound_data[],MATCH(G72,Source,0),6),0) -> 0 | I72: =SUMIF(Withdrawal_Report_No.,G72,QTY_OUT) -> 355 | J72: =SUMIF(Receiving_Report_ref.,H72,In_Quantity) -> 0 | K72: =SUMIF(Withdrawal_Report_No.,G72,KILOS_OUT) -> 3692 | L72: =SUMIF(Receiving_Report_ref.,H72,In_Weight) -> 0 | M72: =SUMIF(Withdrawal_Report_No.,G72,PALLET_OUT) -> 12 | N72: =SUMIF(Receiving_Report_ref.,H72,Pallet_qty) -> 0 | O72: =I72-J72 -> 355 | P72: =K72-L72 -> 3692 | Q72: =+M72-N72 -> 12 | R72: =B72+F72-Q72 -> 0 | S72: =S71+D72-O72 -> 0 | T72: =T71+E72-P72 -> 0
A73: 46004 | B73: =R72 -> 0 | D73: =SUMIF(Receiving_Report_ref.,C73,In_Quantity) -> 0 | E73: =SUMIF(Receiving_Report_ref.,C73,In_Weight) -> 0 | F73: =SUMIF(Receiving_Report_ref.,C73,Pallet_qty) -> 0 | H73: =IFERROR(INDEX(inbound_data[],MATCH(G73,Source,0),6),0) -> 0 | I73: =SUMIF(Withdrawal_Report_No.,G73,QTY_OUT) -> 0 | J73: =SUMIF(Receiving_Report_ref.,H73,In_Quantity) -> 0 | K73: =SUMIF(Withdrawal_Report_No.,G73,KILOS_OUT) -> 0 | L73: =SUMIF(Receiving_Report_ref.,H73,In_Weight) -> 0 | M73: =SUMIF(Withdrawal_Report_No.,G73,PALLET_OUT) -> 0 | N73: =SUMIF(Receiving_Report_ref.,H73,Pallet_qty) -> 0 | O73: =I73-J73 -> 0 | P73: =K73-L73 -> 0 | Q73: =+M73-N73 -> 0 | R73: =B73+F73-Q73 -> 0 | S73: =S72+D73-O73 -> 0 | T73: =T72+E73-P73 -> 0
A74: 46005 | B74: =R73 -> 0 | D74: =SUMIF(Receiving_Report_ref.,C74,In_Quantity) -> 0 | E74: =SUMIF(Receiving_Report_ref.,C74,In_Weight) -> 0 | F74: =SUMIF(Receiving_Report_ref.,C74,Pallet_qty) -> 0 | H74: =IFERROR(INDEX(inbound_data[],MATCH(G74,Source,0),6),0) -> 0 | I74: =SUMIF(Withdrawal_Report_No.,G74,QTY_OUT) -> 0 | J74: =SUMIF(Receiving_Report_ref.,H74,In_Quantity) -> 0 | K74: =SUMIF(Withdrawal_Report_No.,G74,KILOS_OUT) -> 0 | L74: =SUMIF(Receiving_Report_ref.,H74,In_Weight) -> 0 | M74: =SUMIF(Withdrawal_Report_No.,G74,PALLET_OUT) -> 0 | N74: =SUMIF(Receiving_Report_ref.,H74,Pallet_qty) -> 0 | O74: =I74-J74 -> 0 | P74: =K74-L74 -> 0 | Q74: =+M74-N74 -> 0 | R74: =B74+F74-Q74 -> 0 | S74: =S73+D74-O74 -> 0 | T74: =T73+E74-P74 -> 0
A75: 46006 | B75: =R74 -> 0 | D75: =SUMIF(Receiving_Report_ref.,C75,In_Quantity) -> 0 | E75: =SUMIF(Receiving_Report_ref.,C75,In_Weight) -> 0 | F75: =SUMIF(Receiving_Report_ref.,C75,Pallet_qty) -> 0 | H75: =IFERROR(INDEX(inbound_data[],MATCH(G75,Source,0),6),0) -> 0 | I75: =SUMIF(Withdrawal_Report_No.,G75,QTY_OUT) -> 0 | J75: =SUMIF(Receiving_Report_ref.,H75,In_Quantity) -> 0 | K75: =SUMIF(Withdrawal_Report_No.,G75,KILOS_OUT) -> 0 | L75: =SUMIF(Receiving_Report_ref.,H75,In_Weight) -> 0 | M75: =SUMIF(Withdrawal_Report_No.,G75,PALLET_OUT) -> 0 | N75: =SUMIF(Receiving_Report_ref.,H75,Pallet_qty) -> 0 | O75: =I75-J75 -> 0 | P75: =K75-L75 -> 0 | Q75: =+M75-N75 -> 0 | R75: =B75+F75-Q75 -> 0 | S75: =S74+D75-O75 -> 0 | T75: =T74+E75-P75 -> 0
A76: 46007 | B76: =R75 -> 0 | D76: =SUMIF(Receiving_Report_ref.,C76,In_Quantity) -> 0 | E76: =SUMIF(Receiving_Report_ref.,C76,In_Weight) -> 0 | F76: =SUMIF(Receiving_Report_ref.,C76,Pallet_qty) -> 0 | H76: =IFERROR(INDEX(inbound_data[],MATCH(G76,Source,0),6),0) -> 0 | I76: =SUMIF(Withdrawal_Report_No.,G76,QTY_OUT) -> 0 | J76: =SUMIF(Receiving_Report_ref.,H76,In_Quantity) -> 0 | K76: =SUMIF(Withdrawal_Report_No.,G76,KILOS_OUT) -> 0 | L76: =SUMIF(Receiving_Report_ref.,H76,In_Weight) -> 0 | M76: =SUMIF(Withdrawal_Report_No.,G76,PALLET_OUT) -> 0 | N76: =SUMIF(Receiving_Report_ref.,H76,Pallet_qty) -> 0 | O76: =I76-J76 -> 0 | P76: =K76-L76 -> 0 | Q76: =+M76-N76 -> 0 | R76: =B76+F76-Q76 -> 0 | S76: =S75+D76-O76 -> 0 | T76: =T75+E76-P76 -> 0
A77: 46008 | B77: =R76 -> 0 | D77: =SUMIF(Receiving_Report_ref.,C77,In_Quantity) -> 0 | E77: =SUMIF(Receiving_Report_ref.,C77,In_Weight) -> 0 | F77: =SUMIF(Receiving_Report_ref.,C77,Pallet_qty) -> 0 | H77: =IFERROR(INDEX(inbound_data[],MATCH(G77,Source,0),6),0) -> 0 | I77: =SUMIF(Withdrawal_Report_No.,G77,QTY_OUT) -> 0 | J77: =SUMIF(Receiving_Report_ref.,H77,In_Quantity) -> 0 | K77: =SUMIF(Withdrawal_Report_No.,G77,KILOS_OUT) -> 0 | L77: =SUMIF(Receiving_Report_ref.,H77,In_Weight) -> 0 | M77: =SUMIF(Withdrawal_Report_No.,G77,PALLET_OUT) -> 0 | N77: =SUMIF(Receiving_Report_ref.,H77,Pallet_qty) -> 0 | O77: =I77-J77 -> 0 | P77: =K77-L77 -> 0 | Q77: =+M77-N77 -> 0 | R77: =B77+F77-Q77 -> 0 | S77: =S76+D77-O77 -> 0 | T77: =T76+E77-P77 -> 0
A78: 46009 | B78: =R77 -> 0 | D78: =SUMIF(Receiving_Report_ref.,C78,In_Quantity) -> 0 | E78: =SUMIF(Receiving_Report_ref.,C78,In_Weight) -> 0 | F78: =SUMIF(Receiving_Report_ref.,C78,Pallet_qty) -> 0 | H78: =IFERROR(INDEX(inbound_data[],MATCH(G78,Source,0),6),0) -> 0 | I78: =SUMIF(Withdrawal_Report_No.,G78,QTY_OUT) -> 0 | J78: =SUMIF(Receiving_Report_ref.,H78,In_Quantity) -> 0 | K78: =SUMIF(Withdrawal_Report_No.,G78,KILOS_OUT) -> 0 | L78: =SUMIF(Receiving_Report_ref.,H78,In_Weight) -> 0 | M78: =SUMIF(Withdrawal_Report_No.,G78,PALLET_OUT) -> 0 | N78: =SUMIF(Receiving_Report_ref.,H78,Pallet_qty) -> 0 | O78: =I78-J78 -> 0 | P78: =K78-L78 -> 0 | Q78: =+M78-N78 -> 0 | R78: =B78+F78-Q78 -> 0 | S78: =S77+D78-O78 -> 0 | T78: =T77+E78-P78 -> 0
A79: 46010 | B79: =R78 -> 0 | D79: =SUMIF(Receiving_Report_ref.,C79,In_Quantity) -> 0 | E79: =SUMIF(Receiving_Report_ref.,C79,In_Weight) -> 0 | F79: =SUMIF(Receiving_Report_ref.,C79,Pallet_qty) -> 0 | H79: =IFERROR(INDEX(inbound_data[],MATCH(G79,Source,0),6),0) -> 0 | I79: =SUMIF(Withdrawal_Report_No.,G79,QTY_OUT) -> 0 | J79: =SUMIF(Receiving_Report_ref.,H79,In_Quantity) -> 0 | K79: =SUMIF(Withdrawal_Report_No.,G79,KILOS_OUT) -> 0 | L79: =SUMIF(Receiving_Report_ref.,H79,In_Weight) -> 0 | M79: =SUMIF(Withdrawal_Report_No.,G79,PALLET_OUT) -> 0 | N79: =SUMIF(Receiving_Report_ref.,H79,Pallet_qty) -> 0 | O79: =I79-J79 -> 0 | P79: =K79-L79 -> 0 | Q79: =+M79-N79 -> 0 | R79: =B79+F79-Q79 -> 0 | S79: =S78+D79-O79 -> 0 | T79: =T78+E79-P79 -> 0
A80: 46011 | B80: =R79 -> 0 | D80: =SUMIF(Receiving_Report_ref.,C80,In_Quantity) -> 0 | E80: =SUMIF(Receiving_Report_ref.,C80,In_Weight) -> 0 | F80: =SUMIF(Receiving_Report_ref.,C80,Pallet_qty) -> 0 | H80: =IFERROR(INDEX(inbound_data[],MATCH(G80,Source,0),6),0) -> 0 | I80: =SUMIF(Withdrawal_Report_No.,G80,QTY_OUT) -> 0 | J80: =SUMIF(Receiving_Report_ref.,H80,In_Quantity) -> 0 | K80: =SUMIF(Withdrawal_Report_No.,G80,KILOS_OUT) -> 0 | L80: =SUMIF(Receiving_Report_ref.,H80,In_Weight) -> 0 | M80: =SUMIF(Withdrawal_Report_No.,G80,PALLET_OUT) -> 0 | N80: =SUMIF(Receiving_Report_ref.,H80,Pallet_qty) -> 0 | O80: =I80-J80 -> 0 | P80: =K80-L80 -> 0 | Q80: =+M80-N80 -> 0 | R80: =B80+F80-Q80 -> 0 | S80: =S79+D80-O80 -> 0 | T80: =T79+E80-P80 -> 0
A81: 46012 | B81: =R80 -> 0 | D81: =SUMIF(Receiving_Report_ref.,C81,In_Quantity) -> 0 | E81: =SUMIF(Receiving_Report_ref.,C81,In_Weight) -> 0 | F81: =SUMIF(Receiving_Report_ref.,C81,Pallet_qty) -> 0 | H81: =IFERROR(INDEX(inbound_data[],MATCH(G81,Source,0),6),0) -> 0 | I81: =SUMIF(Withdrawal_Report_No.,G81,QTY_OUT) -> 0 | J81: =SUMIF(Receiving_Report_ref.,H81,In_Quantity) -> 0 | K81: =SUMIF(Withdrawal_Report_No.,G81,KILOS_OUT) -> 0 | L81: =SUMIF(Receiving_Report_ref.,H81,In_Weight) -> 0 | M81: =SUMIF(Withdrawal_Report_No.,G81,PALLET_OUT) -> 0 | N81: =SUMIF(Receiving_Report_ref.,H81,Pallet_qty) -> 0 | O81: =I81-J81 -> 0 | P81: =K81-L81 -> 0 | Q81: =+M81-N81 -> 0 | R81: =B81+F81-Q81 -> 0 | S81: =S80+D81-O81 -> 0 | T81: =T80+E81-P81 -> 0
A82: 46013 | B82: =R81 -> 0 | D82: =SUMIF(Receiving_Report_ref.,C82,In_Quantity) -> 0 | E82: =SUMIF(Receiving_Report_ref.,C82,In_Weight) -> 0 | F82: =SUMIF(Receiving_Report_ref.,C82,Pallet_qty) -> 0 | H82: =IFERROR(INDEX(inbound_data[],MATCH(G82,Source,0),6),0) -> 0 | I82: =SUMIF(Withdrawal_Report_No.,G82,QTY_OUT) -> 0 | J82: =SUMIF(Receiving_Report_ref.,H82,In_Quantity) -> 0 | K82: =SUMIF(Withdrawal_Report_No.,G82,KILOS_OUT) -> 0 | L82: =SUMIF(Receiving_Report_ref.,H82,In_Weight) -> 0 | M82: =SUMIF(Withdrawal_Report_No.,G82,PALLET_OUT) -> 0 | N82: =SUMIF(Receiving_Report_ref.,H82,Pallet_qty) -> 0 | O82: =I82-J82 -> 0 | P82: =K82-L82 -> 0 | Q82: =+M82-N82 -> 0 | R82: =B82+F82-Q82 -> 0 | S82: =S81+D82-O82 -> 0 | T82: =T81+E82-P82 -> 0
A83: 46014 | B83: =R82 -> 0 | C83: 112725 | D83: =SUMIF(Receiving_Report_ref.,C83,In_Quantity) -> 649 | E83: =SUMIF(Receiving_Report_ref.,C83,In_Weight) -> 3894 | F83: =SUMIF(Receiving_Report_ref.,C83,Pallet_qty) -> 10 | H83: =IFERROR(INDEX(inbound_data[],MATCH(G83,Source,0),6),0) -> 0 | I83: =SUMIF(Withdrawal_Report_No.,G83,QTY_OUT) -> 0 | J83: =SUMIF(Receiving_Report_ref.,H83,In_Quantity) -> 0 | K83: =SUMIF(Withdrawal_Report_No.,G83,KILOS_OUT) -> 0 | L83: =SUMIF(Receiving_Report_ref.,H83,In_Weight) -> 0 | M83: =SUMIF(Withdrawal_Report_No.,G83,PALLET_OUT) -> 0 | N83: =SUMIF(Receiving_Report_ref.,H83,Pallet_qty) -> 0 | O83: =I83-J83 -> 0 | P83: =K83-L83 -> 0 | Q83: =+M83-N83 -> 0 | R83: =B83+F83-Q83 -> 10 | S83: =S82+D83-O83 -> 649 | T83: =T82+E83-P83 -> 3894
A84: 46015 | B84: =R83 -> 10 | D84: =SUMIF(Receiving_Report_ref.,C84,In_Quantity) -> 0 | E84: =SUMIF(Receiving_Report_ref.,C84,In_Weight) -> 0 | F84: =SUMIF(Receiving_Report_ref.,C84,Pallet_qty) -> 0 | H84: =IFERROR(INDEX(inbound_data[],MATCH(G84,Source,0),6),0) -> 0 | I84: =SUMIF(Withdrawal_Report_No.,G84,QTY_OUT) -> 0 | J84: =SUMIF(Receiving_Report_ref.,H84,In_Quantity) -> 0 | K84: =SUMIF(Withdrawal_Report_No.,G84,KILOS_OUT) -> 0 | L84: =SUMIF(Receiving_Report_ref.,H84,In_Weight) -> 0 | M84: =SUMIF(Withdrawal_Report_No.,G84,PALLET_OUT) -> 0 | N84: =SUMIF(Receiving_Report_ref.,H84,Pallet_qty) -> 0 | O84: =I84-J84 -> 0 | P84: =K84-L84 -> 0 | Q84: =+M84-N84 -> 0 | R84: =B84+F84-Q84 -> 10 | S84: =S83+D84-O84 -> 649 | T84: =T83+E84-P84 -> 3894
A85: 46016 | B85: =R84 -> 10 | D85: =SUMIF(Receiving_Report_ref.,C85,In_Quantity) -> 0 | E85: =SUMIF(Receiving_Report_ref.,C85,In_Weight) -> 0 | F85: =SUMIF(Receiving_Report_ref.,C85,Pallet_qty) -> 0 | H85: =IFERROR(INDEX(inbound_data[],MATCH(G85,Source,0),6),0) -> 0 | I85: =SUMIF(Withdrawal_Report_No.,G85,QTY_OUT) -> 0 | J85: =SUMIF(Receiving_Report_ref.,H85,In_Quantity) -> 0 | K85: =SUMIF(Withdrawal_Report_No.,G85,KILOS_OUT) -> 0 | L85: =SUMIF(Receiving_Report_ref.,H85,In_Weight) -> 0 | M85: =SUMIF(Withdrawal_Report_No.,G85,PALLET_OUT) -> 0 | N85: =SUMIF(Receiving_Report_ref.,H85,Pallet_qty) -> 0 | O85: =I85-J85 -> 0 | P85: =K85-L85 -> 0 | Q85: =+M85-N85 -> 0 | R85: =B85+F85-Q85 -> 10 | S85: =S84+D85-O85 -> 649 | T85: =T84+E85-P85 -> 3894
A86: 46017 | B86: =R85 -> 10 | D86: =SUMIF(Receiving_Report_ref.,C86,In_Quantity) -> 0 | E86: =SUMIF(Receiving_Report_ref.,C86,In_Weight) -> 0 | F86: =SUMIF(Receiving_Report_ref.,C86,Pallet_qty) -> 0 | H86: =IFERROR(INDEX(inbound_data[],MATCH(G86,Source,0),6),0) -> 0 | I86: =SUMIF(Withdrawal_Report_No.,G86,QTY_OUT) -> 0 | J86: =SUMIF(Receiving_Report_ref.,H86,In_Quantity) -> 0 | K86: =SUMIF(Withdrawal_Report_No.,G86,KILOS_OUT) -> 0 | L86: =SUMIF(Receiving_Report_ref.,H86,In_Weight) -> 0 | M86: =SUMIF(Withdrawal_Report_No.,G86,PALLET_OUT) -> 0 | N86: =SUMIF(Receiving_Report_ref.,H86,Pallet_qty) -> 0 | O86: =I86-J86 -> 0 | P86: =K86-L86 -> 0 | Q86: =+M86-N86 -> 0 | R86: =B86+F86-Q86 -> 10 | S86: =S85+D86-O86 -> 649 | T86: =T85+E86-P86 -> 3894
A87: 46018 | B87: =R86 -> 10 | D87: =SUMIF(Receiving_Report_ref.,C87,In_Quantity) -> 0 | E87: =SUMIF(Receiving_Report_ref.,C87,In_Weight) -> 0 | F87: =SUMIF(Receiving_Report_ref.,C87,Pallet_qty) -> 0 | H87: =IFERROR(INDEX(inbound_data[],MATCH(G87,Source,0),6),0) -> 0 | I87: =SUMIF(Withdrawal_Report_No.,G87,QTY_OUT) -> 0 | J87: =SUMIF(Receiving_Report_ref.,H87,In_Quantity) -> 0 | K87: =SUMIF(Withdrawal_Report_No.,G87,KILOS_OUT) -> 0 | L87: =SUMIF(Receiving_Report_ref.,H87,In_Weight) -> 0 | M87: =SUMIF(Withdrawal_Report_No.,G87,PALLET_OUT) -> 0 | N87: =SUMIF(Receiving_Report_ref.,H87,Pallet_qty) -> 0 | O87: =I87-J87 -> 0 | P87: =K87-L87 -> 0 | Q87: =+M87-N87 -> 0 | R87: =B87+F87-Q87 -> 10 | S87: =S86+D87-O87 -> 649 | T87: =T86+E87-P87 -> 3894
A88: 46019 | B88: =R87 -> 10 | C88: 112763 | D88: =SUMIF(Receiving_Report_ref.,C88,In_Quantity) -> 401 | E88: =SUMIF(Receiving_Report_ref.,C88,In_Weight) -> 2406 | F88: =SUMIF(Receiving_Report_ref.,C88,Pallet_qty) -> 6 | H88: =IFERROR(INDEX(inbound_data[],MATCH(G88,Source,0),6),0) -> 0 | I88: =SUMIF(Withdrawal_Report_No.,G88,QTY_OUT) -> 0 | J88: =SUMIF(Receiving_Report_ref.,H88,In_Quantity) -> 0 | K88: =SUMIF(Withdrawal_Report_No.,G88,KILOS_OUT) -> 0 | L88: =SUMIF(Receiving_Report_ref.,H88,In_Weight) -> 0 | M88: =SUMIF(Withdrawal_Report_No.,G88,PALLET_OUT) -> 0 | N88: =SUMIF(Receiving_Report_ref.,H88,Pallet_qty) -> 0 | O88: =I88-J88 -> 0 | P88: =K88-L88 -> 0 | Q88: =+M88-N88 -> 0 | R88: =B88+F88-Q88 -> 16 | S88: =S87+D88-O88 -> 1050 | T88: =T87+E88-P88 -> 6300
A89: 46020 | B89: =R88 -> 16 | D89: =SUMIF(Receiving_Report_ref.,C89,In_Quantity) -> 0 | E89: =SUMIF(Receiving_Report_ref.,C89,In_Weight) -> 0 | F89: =SUMIF(Receiving_Report_ref.,C89,Pallet_qty) -> 0 | H89: =IFERROR(INDEX(inbound_data[],MATCH(G89,Source,0),6),0) -> 0 | I89: =SUMIF(Withdrawal_Report_No.,G89,QTY_OUT) -> 0 | J89: =SUMIF(Receiving_Report_ref.,H89,In_Quantity) -> 0 | K89: =SUMIF(Withdrawal_Report_No.,G89,KILOS_OUT) -> 0 | L89: =SUMIF(Receiving_Report_ref.,H89,In_Weight) -> 0 | M89: =SUMIF(Withdrawal_Report_No.,G89,PALLET_OUT) -> 0 | N89: =SUMIF(Receiving_Report_ref.,H89,Pallet_qty) -> 0 | O89: =I89-J89 -> 0 | P89: =K89-L89 -> 0 | Q89: =+M89-N89 -> 0 | R89: =B89+F89-Q89 -> 16 | S89: =S88+D89-O89 -> 1050 | T89: =T88+E89-P89 -> 6300
A90: 46021 | B90: =R89 -> 16 | D90: =SUMIF(Receiving_Report_ref.,C90,In_Quantity) -> 0 | E90: =SUMIF(Receiving_Report_ref.,C90,In_Weight) -> 0 | F90: =SUMIF(Receiving_Report_ref.,C90,Pallet_qty) -> 0 | H90: =IFERROR(INDEX(inbound_data[],MATCH(G90,Source,0),6),0) -> 0 | I90: =SUMIF(Withdrawal_Report_No.,G90,QTY_OUT) -> 0 | J90: =SUMIF(Receiving_Report_ref.,H90,In_Quantity) -> 0 | K90: =SUMIF(Withdrawal_Report_No.,G90,KILOS_OUT) -> 0 | L90: =SUMIF(Receiving_Report_ref.,H90,In_Weight) -> 0 | M90: =SUMIF(Withdrawal_Report_No.,G90,PALLET_OUT) -> 0 | N90: =SUMIF(Receiving_Report_ref.,H90,Pallet_qty) -> 0 | O90: =I90-J90 -> 0 | P90: =K90-L90 -> 0 | Q90: =+M90-N90 -> 0 | R90: =B90+F90-Q90 -> 16 | S90: =S89+D90-O90 -> 1050 | T90: =T89+E90-P90 -> 6300
A91: 46022 | B91: =R90 -> 16 | D91: =SUMIF(Receiving_Report_ref.,C91,In_Quantity) -> 0 | E91: =SUMIF(Receiving_Report_ref.,C91,In_Weight) -> 0 | F91: =SUMIF(Receiving_Report_ref.,C91,Pallet_qty) -> 0 | H91: =IFERROR(INDEX(inbound_data[],MATCH(G91,Source,0),6),0) -> 0 | I91: =SUMIF(Withdrawal_Report_No.,G91,QTY_OUT) -> 0 | J91: =SUMIF(Receiving_Report_ref.,H91,In_Quantity) -> 0 | K91: =SUMIF(Withdrawal_Report_No.,G91,KILOS_OUT) -> 0 | L91: =SUMIF(Receiving_Report_ref.,H91,In_Weight) -> 0 | M91: =SUMIF(Withdrawal_Report_No.,G91,PALLET_OUT) -> 0 | N91: =SUMIF(Receiving_Report_ref.,H91,Pallet_qty) -> 0 | O91: =I91-J91 -> 0 | P91: =K91-L91 -> 0 | Q91: =+M91-N91 -> 0 | R91: =B91+F91-Q91 -> 16 | S91: =S90+D91-O91 -> 1050 | T91: =T90+E91-P91 -> 6300
A92: 46023 | B92: =R91 -> 16 | D92: =SUMIF(Receiving_Report_ref.,C92,In_Quantity) -> 0 | E92: =SUMIF(Receiving_Report_ref.,C92,In_Weight) -> 0 | F92: =SUMIF(Receiving_Report_ref.,C92,Pallet_qty) -> 0 | H92: =IFERROR(INDEX(inbound_data[],MATCH(G92,Source,0),6),0) -> 0 | I92: =SUMIF(Withdrawal_Report_No.,G92,QTY_OUT) -> 0 | J92: =SUMIF(Receiving_Report_ref.,H92,In_Quantity) -> 0 | K92: =SUMIF(Withdrawal_Report_No.,G92,KILOS_OUT) -> 0 | L92: =SUMIF(Receiving_Report_ref.,H92,In_Weight) -> 0 | M92: =SUMIF(Withdrawal_Report_No.,G92,PALLET_OUT) -> 0 | N92: =SUMIF(Receiving_Report_ref.,H92,Pallet_qty) -> 0 | O92: =I92-J92 -> 0 | P92: =K92-L92 -> 0 | Q92: =+M92-N92 -> 0 | R92: =B92+F92-Q92 -> 16 | S92: =S91+D92-O92 -> 1050 | T92: =T91+E92-P92 -> 6300
A93: 46024 | B93: =R92 -> 16 | D93: =SUMIF(Receiving_Report_ref.,C93,In_Quantity) -> 0 | E93: =SUMIF(Receiving_Report_ref.,C93,In_Weight) -> 0 | F93: =SUMIF(Receiving_Report_ref.,C93,Pallet_qty) -> 0 | H93: =IFERROR(INDEX(inbound_data[],MATCH(G93,Source,0),6),0) -> 0 | I93: =SUMIF(Withdrawal_Report_No.,G93,QTY_OUT) -> 0 | J93: =SUMIF(Receiving_Report_ref.,H93,In_Quantity) -> 0 | K93: =SUMIF(Withdrawal_Report_No.,G93,KILOS_OUT) -> 0 | L93: =SUMIF(Receiving_Report_ref.,H93,In_Weight) -> 0 | M93: =SUMIF(Withdrawal_Report_No.,G93,PALLET_OUT) -> 0 | N93: =SUMIF(Receiving_Report_ref.,H93,Pallet_qty) -> 0 | O93: =I93-J93 -> 0 | P93: =K93-L93 -> 0 | Q93: =+M93-N93 -> 0 | R93: =B93+F93-Q93 -> 16 | S93: =S92+D93-O93 -> 1050 | T93: =T92+E93-P93 -> 6300
A94: 46025 | B94: =R93 -> 16 | D94: =SUMIF(Receiving_Report_ref.,C94,In_Quantity) -> 0 | E94: =SUMIF(Receiving_Report_ref.,C94,In_Weight) -> 0 | F94: =SUMIF(Receiving_Report_ref.,C94,Pallet_qty) -> 0 | G94: 138958 | H94: =IFERROR(INDEX(inbound_data[],MATCH(G94,Source,0),6),0) -> 0 | I94: =SUMIF(Withdrawal_Report_No.,G94,QTY_OUT) -> 1050 | J94: =SUMIF(Receiving_Report_ref.,H94,In_Quantity) -> 0 | K94: =SUMIF(Withdrawal_Report_No.,G94,KILOS_OUT) -> 6300 | L94: =SUMIF(Receiving_Report_ref.,H94,In_Weight) -> 0 | M94: =SUMIF(Withdrawal_Report_No.,G94,PALLET_OUT) -> 16 | N94: =SUMIF(Receiving_Report_ref.,H94,Pallet_qty) -> 0 | O94: =I94-J94 -> 1050 | P94: =K94-L94 -> 6300 | Q94: =+M94-N94 -> 16 | R94: =B94+F94-Q94 -> 0 | S94: =S93+D94-O94 -> 0 | T94: =T93+E94-P94 -> 0
A95: 46026 | B95: =R94 -> 0 | D95: =SUMIF(Receiving_Report_ref.,C95,In_Quantity) -> 0 | E95: =SUMIF(Receiving_Report_ref.,C95,In_Weight) -> 0 | F95: =SUMIF(Receiving_Report_ref.,C95,Pallet_qty) -> 0 | H95: =IFERROR(INDEX(inbound_data[],MATCH(G95,Source,0),6),0) -> 0 | I95: =SUMIF(Withdrawal_Report_No.,G95,QTY_OUT) -> 0 | J95: =SUMIF(Receiving_Report_ref.,H95,In_Quantity) -> 0 | K95: =SUMIF(Withdrawal_Report_No.,G95,KILOS_OUT) -> 0 | L95: =SUMIF(Receiving_Report_ref.,H95,In_Weight) -> 0 | M95: =SUMIF(Withdrawal_Report_No.,G95,PALLET_OUT) -> 0 | N95: =SUMIF(Receiving_Report_ref.,H95,Pallet_qty) -> 0 | O95: =I95-J95 -> 0 | P95: =K95-L95 -> 0 | Q95: =+M95-N95 -> 0 | R95: =B95+F95-Q95 -> 0 | S95: =S94+D95-O95 -> 0 | T95: =T94+E95-P95 -> 0
A96: 46027 | B96: =R95 -> 0 | D96: =SUMIF(Receiving_Report_ref.,C96,In_Quantity) -> 0 | E96: =SUMIF(Receiving_Report_ref.,C96,In_Weight) -> 0 | F96: =SUMIF(Receiving_Report_ref.,C96,Pallet_qty) -> 0 | H96: =IFERROR(INDEX(inbound_data[],MATCH(G96,Source,0),6),0) -> 0 | I96: =SUMIF(Withdrawal_Report_No.,G96,QTY_OUT) -> 0 | J96: =SUMIF(Receiving_Report_ref.,H96,In_Quantity) -> 0 | K96: =SUMIF(Withdrawal_Report_No.,G96,KILOS_OUT) -> 0 | L96: =SUMIF(Receiving_Report_ref.,H96,In_Weight) -> 0 | M96: =SUMIF(Withdrawal_Report_No.,G96,PALLET_OUT) -> 0 | N96: =SUMIF(Receiving_Report_ref.,H96,Pallet_qty) -> 0 | O96: =I96-J96 -> 0 | P96: =K96-L96 -> 0 | Q96: =+M96-N96 -> 0 | R96: =B96+F96-Q96 -> 0 | S96: =S95+D96-O96 -> 0 | T96: =T95+E96-P96 -> 0
A97: 46028 | B97: =R96 -> 0 | D97: =SUMIF(Receiving_Report_ref.,C97,In_Quantity) -> 0 | E97: =SUMIF(Receiving_Report_ref.,C97,In_Weight) -> 0 | F97: =SUMIF(Receiving_Report_ref.,C97,Pallet_qty) -> 0 | H97: =IFERROR(INDEX(inbound_data[],MATCH(G97,Source,0),6),0) -> 0 | I97: =SUMIF(Withdrawal_Report_No.,G97,QTY_OUT) -> 0 | J97: =SUMIF(Receiving_Report_ref.,H97,In_Quantity) -> 0 | K97: =SUMIF(Withdrawal_Report_No.,G97,KILOS_OUT) -> 0 | L97: =SUMIF(Receiving_Report_ref.,H97,In_Weight) -> 0 | M97: =SUMIF(Withdrawal_Report_No.,G97,PALLET_OUT) -> 0 | N97: =SUMIF(Receiving_Report_ref.,H97,Pallet_qty) -> 0 | O97: =I97-J97 -> 0 | P97: =K97-L97 -> 0 | Q97: =+M97-N97 -> 0 | R97: =B97+F97-Q97 -> 0 | S97: =S96+D97-O97 -> 0 | T97: =T96+E97-P97 -> 0
A98: 46029 | B98: =R97 -> 0 | D98: =SUMIF(Receiving_Report_ref.,C98,In_Quantity) -> 0 | E98: =SUMIF(Receiving_Report_ref.,C98,In_Weight) -> 0 | F98: =SUMIF(Receiving_Report_ref.,C98,Pallet_qty) -> 0 | H98: =IFERROR(INDEX(inbound_data[],MATCH(G98,Source,0),6),0) -> 0 | I98: =SUMIF(Withdrawal_Report_No.,G98,QTY_OUT) -> 0 | J98: =SUMIF(Receiving_Report_ref.,H98,In_Quantity) -> 0 | K98: =SUMIF(Withdrawal_Report_No.,G98,KILOS_OUT) -> 0 | L98: =SUMIF(Receiving_Report_ref.,H98,In_Weight) -> 0 | M98: =SUMIF(Withdrawal_Report_No.,G98,PALLET_OUT) -> 0 | N98: =SUMIF(Receiving_Report_ref.,H98,Pallet_qty) -> 0 | O98: =I98-J98 -> 0 | P98: =K98-L98 -> 0 | Q98: =+M98-N98 -> 0 | R98: =B98+F98-Q98 -> 0 | S98: =S97+D98-O98 -> 0 | T98: =T97+E98-P98 -> 0
A99: 46030 | B99: =R98 -> 0 | D99: =SUMIF(Receiving_Report_ref.,C99,In_Quantity) -> 0 | E99: =SUMIF(Receiving_Report_ref.,C99,In_Weight) -> 0 | F99: =SUMIF(Receiving_Report_ref.,C99,Pallet_qty) -> 0 | H99: =IFERROR(INDEX(inbound_data[],MATCH(G99,Source,0),6),0) -> 0 | I99: =SUMIF(Withdrawal_Report_No.,G99,QTY_OUT) -> 0 | J99: =SUMIF(Receiving_Report_ref.,H99,In_Quantity) -> 0 | K99: =SUMIF(Withdrawal_Report_No.,G99,KILOS_OUT) -> 0 | L99: =SUMIF(Receiving_Report_ref.,H99,In_Weight) -> 0 | M99: =SUMIF(Withdrawal_Report_No.,G99,PALLET_OUT) -> 0 | N99: =SUMIF(Receiving_Report_ref.,H99,Pallet_qty) -> 0 | O99: =I99-J99 -> 0 | P99: =K99-L99 -> 0 | Q99: =+M99-N99 -> 0 | R99: =B99+F99-Q99 -> 0 | S99: =S98+D99-O99 -> 0 | T99: =T98+E99-P99 -> 0
A100: 46031 | B100: =R99 -> 0 | D100: =SUMIF(Receiving_Report_ref.,C100,In_Quantity) -> 0 | E100: =SUMIF(Receiving_Report_ref.,C100,In_Weight) -> 0 | F100: =SUMIF(Receiving_Report_ref.,C100,Pallet_qty) -> 0 | H100: =IFERROR(INDEX(inbound_data[],MATCH(G100,Source,0),6),0) -> 0 | I100: =SUMIF(Withdrawal_Report_No.,G100,QTY_OUT) -> 0 | J100: =SUMIF(Receiving_Report_ref.,H100,In_Quantity) -> 0 | K100: =SUMIF(Withdrawal_Report_No.,G100,KILOS_OUT) -> 0 | L100: =SUMIF(Receiving_Report_ref.,H100,In_Weight) -> 0 | M100: =SUMIF(Withdrawal_Report_No.,G100,PALLET_OUT) -> 0 | N100: =SUMIF(Receiving_Report_ref.,H100,Pallet_qty) -> 0 | O100: =I100-J100 -> 0 | P100: =K100-L100 -> 0 | Q100: =+M100-N100 -> 0 | R100: =B100+F100-Q100 -> 0 | S100: =S99+D100-O100 -> 0 | T100: =T99+E100-P100 -> 0
A101: 46032 | B101: =R100 -> 0 | D101: =SUMIF(Receiving_Report_ref.,C101,In_Quantity) -> 0 | E101: =SUMIF(Receiving_Report_ref.,C101,In_Weight) -> 0 | F101: =SUMIF(Receiving_Report_ref.,C101,Pallet_qty) -> 0 | H101: =IFERROR(INDEX(inbound_data[],MATCH(G101,Source,0),6),0) -> 0 | I101: =SUMIF(Withdrawal_Report_No.,G101,QTY_OUT) -> 0 | J101: =SUMIF(Receiving_Report_ref.,H101,In_Quantity) -> 0 | K101: =SUMIF(Withdrawal_Report_No.,G101,KILOS_OUT) -> 0 | L101: =SUMIF(Receiving_Report_ref.,H101,In_Weight) -> 0 | M101: =SUMIF(Withdrawal_Report_No.,G101,PALLET_OUT) -> 0 | N101: =SUMIF(Receiving_Report_ref.,H101,Pallet_qty) -> 0 | O101: =I101-J101 -> 0 | P101: =K101-L101 -> 0 | Q101: =+M101-N101 -> 0 | R101: =B101+F101-Q101 -> 0 | S101: =S100+D101-O101 -> 0 | T101: =T100+E101-P101 -> 0
A102: 46033 | B102: =R101 -> 0 | D102: =SUMIF(Receiving_Report_ref.,C102,In_Quantity) -> 0 | E102: =SUMIF(Receiving_Report_ref.,C102,In_Weight) -> 0 | F102: =SUMIF(Receiving_Report_ref.,C102,Pallet_qty) -> 0 | H102: =IFERROR(INDEX(inbound_data[],MATCH(G102,Source,0),6),0) -> 0 | I102: =SUMIF(Withdrawal_Report_No.,G102,QTY_OUT) -> 0 | J102: =SUMIF(Receiving_Report_ref.,H102,In_Quantity) -> 0 | K102: =SUMIF(Withdrawal_Report_No.,G102,KILOS_OUT) -> 0 | L102: =SUMIF(Receiving_Report_ref.,H102,In_Weight) -> 0 | M102: =SUMIF(Withdrawal_Report_No.,G102,PALLET_OUT) -> 0 | N102: =SUMIF(Receiving_Report_ref.,H102,Pallet_qty) -> 0 | O102: =I102-J102 -> 0 | P102: =K102-L102 -> 0 | Q102: =+M102-N102 -> 0 | R102: =B102+F102-Q102 -> 0 | S102: =S101+D102-O102 -> 0 | T102: =T101+E102-P102 -> 0
A103: 46034 | B103: =R102 -> 0 | D103: =SUMIF(Receiving_Report_ref.,C103,In_Quantity) -> 0 | E103: =SUMIF(Receiving_Report_ref.,C103,In_Weight) -> 0 | F103: =SUMIF(Receiving_Report_ref.,C103,Pallet_qty) -> 0 | H103: =IFERROR(INDEX(inbound_data[],MATCH(G103,Source,0),6),0) -> 0 | I103: =SUMIF(Withdrawal_Report_No.,G103,QTY_OUT) -> 0 | J103: =SUMIF(Receiving_Report_ref.,H103,In_Quantity) -> 0 | K103: =SUMIF(Withdrawal_Report_No.,G103,KILOS_OUT) -> 0 | L103: =SUMIF(Receiving_Report_ref.,H103,In_Weight) -> 0 | M103: =SUMIF(Withdrawal_Report_No.,G103,PALLET_OUT) -> 0 | N103: =SUMIF(Receiving_Report_ref.,H103,Pallet_qty) -> 0 | O103: =I103-J103 -> 0 | P103: =K103-L103 -> 0 | Q103: =+M103-N103 -> 0 | R103: =B103+F103-Q103 -> 0 | S103: =S102+D103-O103 -> 0 | T103: =T102+E103-P103 -> 0
A104: 46035 | B104: =R103 -> 0 | D104: =SUMIF(Receiving_Report_ref.,C104,In_Quantity) -> 0 | E104: =SUMIF(Receiving_Report_ref.,C104,In_Weight) -> 0 | F104: =SUMIF(Receiving_Report_ref.,C104,Pallet_qty) -> 0 | H104: =IFERROR(INDEX(inbound_data[],MATCH(G104,Source,0),6),0) -> 0 | I104: =SUMIF(Withdrawal_Report_No.,G104,QTY_OUT) -> 0 | J104: =SUMIF(Receiving_Report_ref.,H104,In_Quantity) -> 0 | K104: =SUMIF(Withdrawal_Report_No.,G104,KILOS_OUT) -> 0 | L104: =SUMIF(Receiving_Report_ref.,H104,In_Weight) -> 0 | M104: =SUMIF(Withdrawal_Report_No.,G104,PALLET_OUT) -> 0 | N104: =SUMIF(Receiving_Report_ref.,H104,Pallet_qty) -> 0 | O104: =I104-J104 -> 0 | P104: =K104-L104 -> 0 | Q104: =+M104-N104 -> 0 | R104: =B104+F104-Q104 -> 0 | S104: =S103+D104-O104 -> 0 | T104: =T103+E104-P104 -> 0
A105: 46036 | B105: =R104 -> 0 | D105: =SUMIF(Receiving_Report_ref.,C105,In_Quantity) -> 0 | E105: =SUMIF(Receiving_Report_ref.,C105,In_Weight) -> 0 | F105: =SUMIF(Receiving_Report_ref.,C105,Pallet_qty) -> 0 | H105: =IFERROR(INDEX(inbound_data[],MATCH(G105,Source,0),6),0) -> 0 | I105: =SUMIF(Withdrawal_Report_No.,G105,QTY_OUT) -> 0 | J105: =SUMIF(Receiving_Report_ref.,H105,In_Quantity) -> 0 | K105: =SUMIF(Withdrawal_Report_No.,G105,KILOS_OUT) -> 0 | L105: =SUMIF(Receiving_Report_ref.,H105,In_Weight) -> 0 | M105: =SUMIF(Withdrawal_Report_No.,G105,PALLET_OUT) -> 0 | N105: =SUMIF(Receiving_Report_ref.,H105,Pallet_qty) -> 0 | O105: =I105-J105 -> 0 | P105: =K105-L105 -> 0 | Q105: =+M105-N105 -> 0 | R105: =B105+F105-Q105 -> 0 | S105: =S104+D105-O105 -> 0 | T105: =T104+E105-P105 -> 0
A106: 46037 | B106: =R105 -> 0 | D106: =SUMIF(Receiving_Report_ref.,C106,In_Quantity) -> 0 | E106: =SUMIF(Receiving_Report_ref.,C106,In_Weight) -> 0 | F106: =SUMIF(Receiving_Report_ref.,C106,Pallet_qty) -> 0 | H106: =IFERROR(INDEX(inbound_data[],MATCH(G106,Source,0),6),0) -> 0 | I106: =SUMIF(Withdrawal_Report_No.,G106,QTY_OUT) -> 0 | J106: =SUMIF(Receiving_Report_ref.,H106,In_Quantity) -> 0 | K106: =SUMIF(Withdrawal_Report_No.,G106,KILOS_OUT) -> 0 | L106: =SUMIF(Receiving_Report_ref.,H106,In_Weight) -> 0 | M106: =SUMIF(Withdrawal_Report_No.,G106,PALLET_OUT) -> 0 | N106: =SUMIF(Receiving_Report_ref.,H106,Pallet_qty) -> 0 | O106: =I106-J106 -> 0 | P106: =K106-L106 -> 0 | Q106: =+M106-N106 -> 0 | R106: =B106+F106-Q106 -> 0 | S106: =S105+D106-O106 -> 0 | T106: =T105+E106-P106 -> 0
...

Sheet Outbound Inquiry
A1: `=SORT(CHOOSECOLS(FILTER(Outbound_data,ISNUMBER(SEARCH($A$23,Withdrawal_Report_No.))*ISNUMBER(SEARCH($A$14,CONTAINER_NUMBER__OUT))*ISNUMBER(SEARCH($A$12,ITEM_DESCRIPTION__OUT))*ISNUMBER(SEARCH($A$10,PALLET_SERIES__OUT)),"Not Found"),1,2,16,14,3,13,5,6,15,11,8,10),$A$21,1)
B2: Item Description | D2: Withdrawal Report No.
B4: Container Van No. | D4: Sort by:
B6: Pallet Series
H7: =SUBTOTAL(9,H9:H500) -> 190 | I7: =SUBTOTAL(9,I9:I500) -> 2088 | J7: =SUBTOTAL(9,J9:J500) -> 4
B8: Date Outbound | C8: Withdrawal Report No. | D8: Container Van No. (OUT) | E8: Item Description (OUT) | F8: Destination | G8: Pallet # / Pallet Series (OUT) | H8: Issued Quantity | I8: Issued Weight | J8: Pallet qty Out | K8: UOM | L8: PLATE# | M8: PICKLIST# | N8: GATEPASS# | O8: Encoder
